timestamp,soc,batteryCurrent,minCellVoltage,maxCellVoltage,maxCellTemp,minCellTemp,availableEnergy,driveCurrentLimit,regenCurrentLimit,controllerTemperature,motorTemperature,rmsCurrent,throttle,brake,speed,motorRPM,capacitorVoltage,odometer,controllerFaults
16/08/2025 15:18:53,99.0,-14.7,4.065,4.076,0,0,0,15,93,34,24,28.7,21,0,10.7,1316,52.0,0.0,No Faults Detected
16/08/2025 15:18:54,99.0,-13.8,4.065,4.076,37,36,5.28,15,93,35,24,27.0,21,0,10.6,1301,52.0,0.0,No Faults Detected
16/08/2025 15:18:56,99.0,-12.6,4.065,4.076,37,36,5.28,15,93,34,24,20.8,21,0,10.7,1311,52.0,0.0,No Faults Detected
16/08/2025 15:18:57,99.0,-12.0,4.065,4.076,37,36,5.28,15,93,34,25,32.4,22,0,10.5,1294,52.0,0.0,No Faults Detected
16/08/2025 15:18:58,99.0,-13.9,4.065,4.076,37,36,5.28,15,93,35,25,30.8,22,0,10.6,1307,52.0,0.0,No Faults Detected
16/08/2025 15:18:59,99.0,-14.6,4.065,4.076,37,36,5.28,15,93,34,25,45.9,22,0,10.9,1345,52.0,0.0,No Faults Detected
16/08/2025 15:19:00,99.0,-16.5,4.065,4.076,37,36,5.28,15,93,35,25,25.1,23,0,11.2,1372,52.0,0.0,No Faults Detected
16/08/2025 15:19:01,99.0,-16.3,4.065,4.076,37,36,5.28,15,93,35,25,57.9,26,0,13.1,1608,52.0,0.0,No Faults Detected
16/08/2025 15:19:02,99.0,-23.5,4.065,4.076,37,36,5.28,15,93,35,25,30.8,28,0,13.1,1613,52.0,0.0,No Faults Detected
16/08/2025 15:19:03,99.0,-29.0,4.065,4.076,37,36,5.28,15,93,35,25,27.4,28,0,14.1,1737,52.0,0.0,No Faults Detected
16/08/2025 15:19:04,99.0,-19.5,4.065,4.076,37,36,5.28,15,93,35,25,39.2,29,0,14.8,1823,52.0,0.0,No Faults Detected
16/08/2025 15:19:05,99.0,-25.6,4.065,4.076,37,36,5.28,15,93,34,25,18.5,29,100,12.7,1561,52.0,0.0,No Faults Detected
16/08/2025 15:19:06,99.0,-18.4,4.065,4.076,37,36,5.28,15,93,34,25,7.7,29,100,10.4,1281,52.0,0.0,No Faults Detected
16/08/2025 15:19:08,99.0,2.6,4.071,4.080,37,36,5.28,15,93,34,25,5.4,29,100,8.4,1038,52.0,0.0,No Faults Detected
16/08/2025 15:19:09,99.0,0.8,4.071,4.080,37,36,5.28,15,93,34,25,6.5,23,100,6.2,759,52.0,0.0,No Faults Detected
16/08/2025 15:19:10,99.0,0.2,4.071,4.080,37,36,5.28,15,93,34,25,2.9,29,100,3.9,477,52.0,0.0,No Faults Detected
16/08/2025 15:19:11,99.0,-0.2,4.071,4.078,37,36,5.28,15,93,34,25,194.7,51,0,7.6,939,51.0,0.0,No Faults Detected
16/08/2025 15:19:12,99.0,-40.9,3.995,4.073,37,36,5.28,15,93,35,25,197.7,37,0,18.7,2293,51.0,0.0,No Faults Detected
16/08/2025 15:19:13,99.0,-130.0,3.979,4.041,37,36,5.28,15,93,35,25,14.5,0,0,19.5,2399,53.0,0.0,No Faults Detected
16/08/2025 15:19:14,99.0,-94.5,4.041,4.080,37,36,5.28,15,93,35,25,10.8,25,0,17.2,2117,52.0,0.0,No Faults Detected
16/08/2025 15:19:15,99.0,-21.1,4.067,4.081,37,36,5.28,15,93,35,25,10.2,31,0,15.7,1927,52.0,0.0,No Faults Detected
16/08/2025 15:19:17,99.0,4.8,4.066,4.076,37,36,5.28,15,93,35,25,110.9,38,0,17.3,2127,51.0,0.0,No Faults Detected
16/08/2025 15:19:18,99.0,-33.5,4.028,4.073,37,36,5.27,15,93,35,26,162.1,51,0,24,2944,50.0,0.0,No Faults Detected
16/08/2025 15:19:19,99.0,-66.0,3.979,4.039,37,36,5.27,15,93,35,25,17.1,43,0,25,3069,53.0,0.0,No Faults Detected
16/08/2025 15:19:20,99.0,-74.5,4.050,4.087,37,36,5.27,15,93,35,25,34.9,55,0,23.6,2895,52.0,0.0,No Faults Detected
16/08/2025 15:19:21,99.0,-5.4,3.992,4.083,37,36,5.27,15,93,35,26,34.7,39,0,25.9,3186,52.0,0.0,No Faults Detected
16/08/2025 15:19:22,99.0,-29.3,3.995,4.071,37,36,5.27,15,93,35,25,16.9,0,0,24,2948,52.0,0.0,No Faults Detected
16/08/2025 15:19:23,99.0,-57.5,4.060,4.077,37,36,5.27,15,93,35,25,13.6,0,100,22.3,2735,53.0,0.0,No Faults Detected
16/08/2025 15:19:24,99.0,13.4,4.069,4.077,37,36,5.27,15,93,35,25,13.0,25,100,19.6,2410,53.0,0.0,No Faults Detected
16/08/2025 15:19:25,99.0,4.8,4.068,4.078,37,36,5.27,15,93,35,25,11.6,33,0,17.8,2191,52.0,0.0,No Faults Detected
16/08/2025 15:19:26,99.0,3.9,4.070,4.078,37,36,5.27,15,93,35,25,22.1,0,0,17.2,2108,52.0,0.0,No Faults Detected
16/08/2025 15:19:27,99.0,3.8,4.058,4.073,37,36,5.27,15,93,35,25,22.0,0,100,14.8,1821,52.0,0.0,No Faults Detected
16/08/2025 15:19:28,99.0,-7.0,4.069,4.084,37,36,5.27,15,93,35,25,6.6,0,100,12.3,1514,52.0,0.0,No Faults Detected
16/08/2025 15:19:29,99.0,-0.3,4.070,4.077,37,36,5.27,15,93,35,25,34.8,40,0,11.2,1374,52.0,0.0,No Faults Detected
16/08/2025 15:19:30,99.0,2.5,4.021,4.076,37,36,5.27,15,93,35,25,17.9,12,0,14,1726,52.0,0.0,No Faults Detected
16/08/2025 15:19:31,99.0,-25.1,4.044,4.077,37,36,5.27,15,93,35,25,10.5,32,0,13.4,1644,52.0,0.0,No Faults Detected
16/08/2025 15:19:32,99.0,-18.0,4.051,4.077,37,36,5.27,15,93,35,25,23.3,22,0,14,1725,52.0,0.0,No Faults Detected
16/08/2025 15:19:33,99.0,-15.4,4.051,4.073,37,36,5.27,15,93,35,25,122.4,38,0,16,1968,51.0,0.0,No Faults Detected
16/08/2025 15:19:34,99.0,-45.2,4.020,4.068,37,36,5.27,15,93,35,25,14.2,0,0,17.3,2122,53.0,0.0,No Faults Detected
16/08/2025 15:19:35,99.0,-63.5,4.036,4.074,37,36,5.27,15,93,35,25,7.6,0,100,13.7,1686,52.0,0.0,No Faults Detected
16/08/2025 15:19:36,99.0,-13.2,4.067,4.080,37,36,5.27,15,93,35,25,9.0,40,0,12.9,1580,52.0,0.0,No Faults Detected
16/08/2025 15:19:37,99.0,3.5,4.065,4.077,37,36,5.27,15,93,35,25,113.9,23,0,17.6,2165,52.0,0.0,No Faults Detected
16/08/2025 15:19:38,99.0,-7.7,4.018,4.071,37,36,5.25,15,93,35,25,14.6,39,0,17.7,2180,52.0,0.0,No Faults Detected
16/08/2025 15:19:39,99.0,-89.0,4.064,4.077,37,36,5.25,15,93,35,25,43.5,30,0,19.1,2341,52.0,0.0,No Faults Detected
16/08/2025 15:19:40,99.0,-34.0,4.033,4.064,37,36,5.25,15,93,35,26,22.8,38,0,19,2338,52.0,0.0,No Faults Detected
16/08/2025 15:19:41,99.0,-18.8,4.048,4.064,37,36,5.25,15,93,35,25,38.1,54,0,19,2339,52.0,0.0,No Faults Detected
16/08/2025 15:19:42,99.0,-27.0,4.016,4.064,37,36,5.25,15,93,35,27,126.7,27,0,24.6,3019,51.0,0.0,No Faults Detected
16/08/2025 15:19:43,99.0,-63.8,3.982,4.058,37,36,5.25,15,93,35,26,18.3,39,0,24.8,3041,53.0,0.0,No Faults Detected
16/08/2025 15:19:44,99.0,-71.6,3.999,4.075,37,36,5.25,15,93,35,27,92.2,53,0,24.7,3031,51.0,0.0,No Faults Detected
16/08/2025 15:19:45,99.0,-97.6,4.004,4.075,37,36,5.25,15,93,35,27,22.1,54,0,26.3,3234,52.0,0.0,No Faults Detected
16/08/2025 15:19:46,99.0,-32.6,4.014,4.063,37,36,5.25,15,93,35,26,21.1,52,0,26.5,3251,52.0,0.0,No Faults Detected
16/08/2025 15:19:47,99.0,-41.3,4.047,4.063,37,36,5.25,15,93,35,27,42.6,58,0,26.2,3218,52.0,0.0,No Faults Detected
16/08/2025 15:19:48,99.0,-17.5,4.002,4.068,37,36,5.25,15,93,35,26,22.5,0,100,26.5,3255,52.0,0.0,No Faults Detected
16/08/2025 15:19:49,99.0,-40.1,4.016,4.075,37,36,5.25,15,93,35,26,10.6,0,100,20,2459,52.0,0.0,No Faults Detected
16/08/2025 15:19:51,99.0,-51.3,4.064,4.075,37,36,5.25,15,93,35,25,6.9,0,100,13.5,1660,52.0,0.0,No Faults Detected
16/08/2025 15:19:52,99.0,2.1,4.065,4.074,37,36,5.25,15,93,35,26,3.9,26,100,9.3,1141,52.0,0.0,No Faults Detected
16/08/2025 15:19:53,99.0,0.2,4.065,4.074,37,36,5.25,15,93,35,26,89.3,0,0,8.6,1058,52.0,0.0,No Faults Detected
16/08/2025 15:19:54,99.0,-1.5,4.061,4.073,37,36,5.25,15,93,35,26,22.4,46,0,9.1,1119,52.0,0.0,No Faults Detected
16/08/2025 15:19:55,99.0,-15.2,4.031,4.074,37,36,5.25,15,93,35,26,75.9,0,0,13.3,1639,52.0,0.0,No Faults Detected
16/08/2025 15:19:56,99.0,-15.0,4.028,4.073,37,36,5.25,15,93,35,26,17.5,56,0,13.6,1668,52.0,0.0,No Faults Detected
16/08/2025 15:19:57,99.0,-21.3,4.051,4.076,37,36,5.25,15,93,35,26,160.1,26,0,20,2462,50.0,0.0,No Faults Detected
16/08/2025 15:19:58,99.0,-51.0,3.984,4.024,37,36,5.25,15,93,35,26,11.5,52,0,20.9,2563,52.0,0.0,No Faults Detected
16/08/2025 15:19:59,99.0,-71.0,3.986,4.071,37,36,5.25,15,93,35,27,83.4,0,0,23.5,2889,51.0,0.0,No Faults Detected
16/08/2025 15:20:00,99.0,-54.3,3.992,4.065,37,36,5.25,15,93,35,26,36.8,45,0,21.4,2632,53.0,0.0,No Faults Detected
16/08/2025 15:20:01,99.0,-26.3,4.058,4.093,37,36,5.25,15,93,35,27,98.0,38,0,23.8,2923,51.0,0.0,No Faults Detected
16/08/2025 15:20:02,99.0,9.4,4.058,4.093,37,36,5.25,15,93,35,26,17.5,46,0,23.3,2859,53.0,0.0,No Faults Detected
16/08/2025 15:20:03,99.0,-68.3,3.989,4.064,37,36,5.25,15,93,35,27,89.8,48,0,23.9,2931,51.0,0.0,No Faults Detected
16/08/2025 15:20:04,99.0,-23.0,4.019,4.074,37,36,5.25,15,93,35,27,52.9,61,0,25.1,3084,51.0,0.0,No Faults Detected
16/08/2025 15:20:05,99.0,-58.3,4.021,4.060,37,36,5.25,15,93,35,27,176.7,67,0,30.5,3749,50.0,0.0,No Faults Detected
16/08/2025 15:20:06,99.0,-81.8,3.963,4.021,37,36,5.25,15,93,35,27,97.0,68,0,34,4177,52.0,0.0,No Faults Detected
16/08/2025 15:20:07,99.0,-132.6,3.970,4.047,37,36,5.25,15,93,36,27,97.1,68,0,33.9,4165,52.0,0.0,No Faults Detected
16/08/2025 15:20:08,99.0,-109.4,4.028,4.047,37,36,5.25,15,93,36,27,75.4,0,0,32.6,3999,52.0,0.0,No Faults Detected
16/08/2025 15:20:09,99.0,-58.1,4.051,4.073,37,36,5.25,15,93,36,27,56.3,0,0,30.5,3752,52.0,0.0,No Faults Detected
16/08/2025 15:20:10,99.0,-10.7,4.062,4.075,37,36,5.25,15,93,36,27,82.5,78,0,30,3691,52.0,0.0,No Faults Detected
16/08/2025 15:20:11,99.0,0.9,3.971,4.064,37,36,5.25,15,93,36,27,178.3,46,0,33.6,4131,50.0,0.0,No Faults Detected
16/08/2025 15:20:12,99.0,-88.5,3.971,4.039,38,36,5.25,15,93,36,27,82.5,0,0,33.5,4114,53.0,0.0,No Faults Detected
16/08/2025 15:20:13,99.0,-143.1,4.058,4.075,38,36,5.23,15,93,36,27,61.2,0,0,31.2,3830,52.0,0.0,No Faults Detected
16/08/2025 15:20:14,99.0,7.1,4.061,4.075,38,36,5.24,15,93,36,27,47.6,71,0,29.5,3626,52.0,0.0,No Faults Detected
16/08/2025 15:20:15,99.0,10.0,4.057,4.071,38,36,5.24,15,93,36,28,151.5,30,0,32,3927,51.0,0.0,No Faults Detected
16/08/2025 15:20:16,99.0,4.8,3.969,4.063,38,36,5.22,15,93,36,27,64.8,0,0,31,3813,53.0,0.0,No Faults Detected
16/08/2025 15:20:17,99.0,-104.2,4.052,4.082,38,36,5.22,15,93,36,27,25.4,0,100,27.8,3413,52.0,0.0,No Faults Detected
16/08/2025 15:20:18,99.0,15.3,4.062,4.081,38,36,5.22,15,93,36,26,10.8,0,100,20.2,2483,52.0,0.0,No Faults Detected
16/08/2025 15:20:19,99.0,9.6,4.061,4.070,38,36,5.22,15,93,36,26,8.0,0,100,15.9,1957,52.0,0.0,No Faults Detected
16/08/2025 15:20:20,99.0,1.3,4.061,4.069,38,36,5.22,15,93,36,26,6.9,33,100,11.3,1393,52.0,0.0,No Faults Detected
16/08/2025 15:20:21,99.0,0.1,4.063,4.071,38,36,5.22,15,93,36,26,46.1,57,0,11,1349,52.0,0.0,No Faults Detected
16/08/2025 15:20:22,99.0,0.5,4.022,4.070,38,36,5.22,15,93,36,26,27.8,0,0,13.1,1613,53.0,0.0,No Faults Detected
16/08/2025 15:20:23,99.0,-27.7,4.060,4.075,38,36,5.22,15,93,36,26,100.3,27,0,11.7,1440,52.0,0.0,No Faults Detected
16/08/2025 15:20:24,99.0,-6.5,4.031,4.069,38,36,5.22,15,93,36,26,20.0,34,0,12.5,1535,53.0,0.0,No Faults Detected
16/08/2025 15:20:25,99.0,-30.4,4.058,4.071,38,36,5.22,15,93,36,27,117.6,0,0,13.8,1692,51.0,0.0,No Faults Detected
16/08/2025 15:20:26,99.0,-11.8,4.025,4.064,38,36,5.22,15,93,36,26,39.0,19,100,12.2,1502,53.0,0.0,No Faults Detected
16/08/2025 15:20:27,99.0,-9.6,4.056,4.074,38,36,5.22,15,93,36,26,5.2,34,100,10,1227,52.0,0.0,No Faults Detected
16/08/2025 15:20:28,99.0,7.7,4.063,4.073,38,36,5.22,15,93,36,27,58.7,47,0,9.5,1170,52.0,0.0,No Faults Detected
16/08/2025 15:20:29,99.0,2.0,4.030,4.073,38,36,5.22,15,93,36,27,10.9,26,0,11.7,1432,52.0,0.0,No Faults Detected
16/08/2025 15:20:31,99.0,-23.1,4.038,4.065,38,36,5.22,15,93,36,27,147.1,15,0,13.8,1700,51.0,0.0,No Faults Detected
16/08/2025 15:20:31,99.0,-18.7,4.011,4.069,38,36,5.22,15,93,36,27,22.0,49,0,15.2,1866,53.0,0.0,No Faults Detected
16/08/2025 15:20:32,99.0,-53.9,4.027,4.071,38,36,5.22,15,93,36,27,145.7,38,0,18.7,2299,51.0,0.0,No Faults Detected
16/08/2025 15:20:34,99.0,-14.9,3.978,4.064,38,36,5.22,15,93,36,27,11.3,49,0,20.2,2482,52.0,0.0,No Faults Detected
16/08/2025 15:20:35,99.0,-85.4,4.047,4.063,38,36,5.22,15,93,36,27,40.8,35,0,22.3,2739,52.0,0.0,No Faults Detected
16/08/2025 15:20:35,99.0,-54.4,4.009,4.063,38,36,5.22,15,93,36,27,12.6,43,0,22.2,2723,52.0,0.0,No Faults Detected
16/08/2025 15:20:36,99.0,-35.4,4.047,4.065,38,36,5.22,15,93,36,27,15.7,43,0,21.7,2661,52.0,0.0,No Faults Detected
16/08/2025 15:20:37,99.0,-10.8,4.049,4.064,38,36,5.22,15,93,36,27,21.3,43,0,21.2,2606,52.0,0.0,No Faults Detected
16/08/2025 15:20:39,99.0,-18.3,4.052,4.064,38,36,5.22,15,93,36,27,15.6,42,0,21,2580,52.0,0.0,No Faults Detected
16/08/2025 15:20:40,99.0,-14.0,4.052,4.065,38,36,5.22,15,93,36,28,105.8,53,0,22.1,2712,51.0,0.0,No Faults Detected
16/08/2025 15:20:41,99.0,-66.4,4.007,4.063,38,36,5.22,15,93,36,28,40.9,55,0,25.5,3127,52.0,0.0,No Faults Detected
16/08/2025 15:20:42,99.0,-81.0,4.004,4.025,38,36,5.22,15,93,36,28,25.4,53,0,26.7,3284,52.0,0.0,No Faults Detected
16/08/2025 15:20:43,98.0,-66.1,4.028,4.062,38,36,5.22,15,93,36,28,148.1,60,0,27.9,3427,50.0,0.0,No Faults Detected
16/08/2025 15:20:44,98.0,-34.2,3.982,4.037,38,36,5.22,15,93,36,28,54.5,61,0,30.1,3698,52.0,0.0,No Faults Detected
16/08/2025 15:20:45,98.0,-96.7,4.043,4.061,38,36,5.22,15,93,36,28,42.4,56,0,29.4,3607,53.0,0.0,No Faults Detected
16/08/2025 15:20:46,98.0,-41.8,4.050,4.071,38,36,5.22,15,93,36,28,79.9,60,0,28.8,3533,51.0,0.0,No Faults Detected
16/08/2025 15:20:47,98.0,-0.1,4.009,4.073,38,36,5.22,15,93,36,28,45.4,54,0,29.3,3598,52.0,0.0,No Faults Detected
16/08/2025 15:20:48,98.0,-53.7,4.038,4.065,38,36,5.22,15,93,36,28,34.9,56,0,28.4,3492,52.0,0.0,No Faults Detected
16/08/2025 15:20:49,98.0,-13.2,4.050,4.076,38,36,5.22,15,93,36,27,30.0,0,0,26.6,3263,52.0,0.0,No Faults Detected
16/08/2025 15:20:50,98.0,-17.4,4.057,4.071,38,36,5.22,15,93,36,27,6.4,0,100,16,1963,52.0,0.0,No Faults Detected
16/08/2025 15:20:51,98.0,-2.1,4.061,4.068,38,36,5.22,15,93,36,27,6.0,0,100,5.6,687,52.0,0.0,No Faults Detected
16/08/2025 15:20:52,98.0,5.4,4.063,4.069,38,36,5.22,15,93,36,27,15.5,38,0,3.3,408,52.0,0.0,No Faults Detected
16/08/2025 15:20:53,98.0,-4.0,4.053,4.069,38,36,5.22,15,93,36,27,44.2,0,100,4.3,529,52.0,0.0,No Faults Detected
16/08/2025 15:20:54,98.0,2.8,4.053,4.069,38,36,5.22,15,93,36,27,79.5,42,0,1.3,163,52.0,0.0,No Faults Detected
16/08/2025 15:20:55,98.0,-12.5,4.056,4.065,38,36,5.22,15,93,36,27,77.4,13,0,2.7,334,52.0,0.0,No Faults Detected
16/08/2025 15:20:56,98.0,-8.0,4.054,4.070,38,36,5.22,15,93,36,27,80.7,0,0,3.9,481,52.0,0.0,No Faults Detected
16/08/2025 15:20:57,98.0,-5.3,4.051,4.070,38,36,5.22,15,93,36,27,161.1,25,0,3.3,400,52.0,0.0,No Faults Detected
16/08/2025 15:20:58,98.0,-11.5,4.039,4.069,38,36,5.22,15,93,36,27,5.4,38,0,6.4,784,52.0,0.0,No Faults Detected
16/08/2025 15:20:59,98.0,-23.6,4.039,4.065,38,36,5.22,15,93,36,27,51.8,0,0,9.9,1219,52.0,0.0,No Faults Detected
16/08/2025 15:21:00,98.0,-16.9,4.031,4.065,38,36,5.22,15,93,36,27,42.3,24,100,6.8,833,52.0,0.0,No Faults Detected
16/08/2025 15:21:01,98.0,-25.8,4.061,4.074,38,36,5.22,15,93,36,27,65.5,8,0,9.1,1121,52.0,0.0,No Faults Detected
16/08/2025 15:21:02,98.0,-16.5,4.033,4.064,38,36,5.22,15,93,36,27,64.4,31,0,9.8,1199,52.0,0.0,No Faults Detected
16/08/2025 15:21:03,98.0,-28.1,4.029,4.064,38,36,5.22,15,93,36,27,9.6,25,0,11.8,1455,52.0,0.0,No Faults Detected
16/08/2025 15:21:04,98.0,-28.7,4.058,4.069,38,36,5.22,15,93,36,27,21.9,32,0,11.4,1400,52.0,0.0,No Faults Detected
16/08/2025 15:21:05,98.0,-19.4,4.058,4.064,38,36,5.22,15,93,36,27,122.8,25,0,14.3,1755,51.0,0.0,No Faults Detected
16/08/2025 15:21:06,98.0,-35.3,4.024,4.054,38,36,5.22,15,93,36,27,22.5,28,0,14.9,1825,53.0,0.0,No Faults Detected
16/08/2025 15:21:07,98.0,-43.2,4.050,4.075,38,36,5.22,15,93,36,27,103.1,25,0,15.6,1921,51.0,0.0,No Faults Detected
16/08/2025 15:21:08,98.0,-15.0,4.021,4.064,38,36,5.22,15,93,36,27,16.4,33,0,16.2,1992,53.0,0.0,No Faults Detected
16/08/2025 15:21:09,98.0,-42.2,4.058,4.068,38,36,5.22,15,93,36,27,92.2,34,0,17,2083,51.0,0.0,No Faults Detected
16/08/2025 15:21:10,98.0,-6.4,4.019,4.064,38,36,5.22,15,93,36,27,11.3,38,0,18,2213,52.0,0.0,No Faults Detected
16/08/2025 15:21:11,98.0,-45.0,4.051,4.064,38,36,5.22,15,93,36,27,23.7,36,0,18.7,2294,52.0,0.0,No Faults Detected
16/08/2025 15:21:12,98.0,-16.3,4.045,4.064,38,36,5.22,15,93,36,27,10.4,38,0,18.1,2228,52.0,0.0,No Faults Detected
16/08/2025 15:21:13,98.0,-17.4,4.058,4.068,38,36,5.22,15,93,36,27,29.3,36,0,18.5,2275,52.0,0.0,No Faults Detected
16/08/2025 15:21:14,98.0,-9.6,4.049,4.063,38,36,5.22,15,93,36,27,65.0,36,0,19.2,2354,52.0,0.0,No Faults Detected
16/08/2025 15:21:15,98.0,-14.4,4.034,4.065,38,36,5.22,15,93,36,27,11.6,39,0,19,2338,52.0,0.0,No Faults Detected
16/08/2025 15:21:16,98.0,-32.8,4.058,4.068,38,36,5.22,15,93,36,27,58.1,39,0,19.7,2422,52.0,0.0,No Faults Detected
16/08/2025 15:21:17,98.0,-10.2,4.042,4.067,38,36,5.22,15,93,36,27,12.1,39,0,19.7,2418,52.0,0.0,No Faults Detected
16/08/2025 15:21:18,98.0,-20.8,4.058,4.065,38,36,5.22,15,93,36,28,75.7,41,0,20.3,2496,52.0,0.0,No Faults Detected
16/08/2025 15:21:19,98.0,-23.6,4.033,4.063,38,36,5.22,15,93,36,28,12.2,44,0,20.7,2539,52.0,0.0,No Faults Detected
16/08/2025 15:21:20,98.0,-27.2,4.050,4.064,38,36,5.22,15,93,36,28,45.0,34,0,21.7,2661,52.0,0.0,No Faults Detected
16/08/2025 15:21:21,98.0,-17.9,4.034,4.064,38,36,5.22,15,93,36,28,15.8,38,0,20.6,2531,52.0,0.0,No Faults Detected
16/08/2025 15:21:22,98.0,-31.4,4.056,4.071,38,36,5.22,15,93,36,28,59.0,34,0,20.8,2555,52.0,0.0,No Faults Detected
16/08/2025 15:21:23,98.0,0.7,4.033,4.064,38,36,5.22,15,93,36,28,11.7,34,0,20,2463,52.0,0.0,No Faults Detected
16/08/2025 15:21:24,98.0,-29.3,4.045,4.064,38,36,5.22,15,93,36,28,11.6,38,0,19.4,2381,52.0,0.0,No Faults Detected
16/08/2025 15:21:25,98.0,-5.5,4.052,4.071,38,36,5.22,15,93,36,28,14.2,37,0,18.9,2324,52.0,0.0,No Faults Detected
16/08/2025 15:21:26,98.0,-13.4,4.055,4.064,38,36,5.22,15,93,36,28,79.9,41,0,20.3,2495,52.0,0.0,No Faults Detected
16/08/2025 15:21:27,98.0,-30.1,4.026,4.058,38,36,5.22,15,93,36,28,12.2,41,0,20.4,2507,52.0,0.0,No Faults Detected
16/08/2025 15:21:28,98.0,-46.9,4.052,4.064,38,36,5.22,15,93,36,28,18.7,40,0,20.1,2474,52.0,0.0,No Faults Detected
16/08/2025 15:21:29,98.0,-16.5,4.054,4.064,38,36,5.22,15,93,36,28,17.1,40,0,19.8,2432,52.0,0.0,No Faults Detected
16/08/2025 15:21:30,98.0,-12.8,4.051,4.065,38,36,5.22,15,93,36,28,25.2,40,0,19.9,2441,52.0,0.0,No Faults Detected
16/08/2025 15:21:31,98.0,-17.6,4.045,4.057,38,36,5.22,15,93,36,28,21.5,39,0,19.8,2434,52.0,0.0,No Faults Detected
16/08/2025 15:21:32,98.0,-23.7,4.045,4.065,38,36,5.22,15,93,36,28,29.6,44,0,19.6,2407,52.0,0.0,No Faults Detected
16/08/2025 15:21:33,98.0,-23.2,4.029,4.067,38,36,5.22,15,93,36,28,28.0,34,0,20.9,2562,52.0,0.0,No Faults Detected
16/08/2025 15:21:34,98.0,-10.3,4.030,4.065,38,36,5.22,15,93,36,28,14.7,45,0,19.4,2382,52.0,0.0,No Faults Detected
16/08/2025 15:21:35,98.0,-28.5,4.019,4.071,38,36,5.22,15,93,36,28,63.5,31,0,20.8,2561,52.0,0.0,No Faults Detected
16/08/2025 15:21:36,98.0,-10.4,4.019,4.061,38,36,5.22,15,93,36,28,12.1,45,0,20.8,2556,52.0,0.0,No Faults Detected
16/08/2025 15:21:38,98.0,-46.1,4.031,4.062,38,36,5.22,15,93,36,28,20.2,38,0,21.5,2643,52.0,0.0,No Faults Detected
16/08/2025 15:21:38,98.0,-20.7,4.031,4.062,38,36,5.22,15,93,36,28,18.5,43,0,20.9,2569,52.0,0.0,No Faults Detected
16/08/2025 15:21:40,98.0,-25.3,4.050,4.065,38,36,5.22,15,93,36,28,15.4,43,0,20.6,2532,52.0,0.0,No Faults Detected
16/08/2025 15:21:40,98.0,-26.6,4.041,4.064,38,36,5.22,15,93,36,28,22.6,38,0,20.9,2569,52.0,0.0,No Faults Detected
16/08/2025 15:21:42,98.0,-23.1,4.043,4.064,38,36,5.22,15,93,36,28,11.9,39,100,18.9,2316,52.0,0.0,No Faults Detected
16/08/2025 15:21:43,98.0,-10.9,4.057,4.068,38,36,5.22,15,93,36,28,9.2,40,100,16.4,2018,52.0,0.0,No Faults Detected
16/08/2025 15:21:44,98.0,1.9,4.063,4.073,38,36,5.22,15,93,36,28,12.5,45,100,14.5,1780,52.0,0.0,No Faults Detected
16/08/2025 15:21:45,98.0,5.4,4.061,4.071,38,36,5.22,15,93,36,28,10.8,47,100,12.9,1587,52.0,0.0,No Faults Detected
16/08/2025 15:21:46,98.0,6.5,4.062,4.071,38,36,5.22,15,93,36,28,14.0,47,100,11.1,1366,52.0,0.0,No Faults Detected
16/08/2025 15:21:47,98.0,4.0,4.062,4.070,38,36,5.22,15,93,36,28,163.4,37,0,13.5,1657,51.0,0.0,No Faults Detected
16/08/2025 15:21:48,98.0,5.3,3.982,4.065,38,36,5.22,15,93,36,28,25.1,24,0,18.8,2312,52.0,0.0,No Faults Detected
16/08/2025 15:21:49,98.0,-78.7,4.051,4.090,38,36,5.22,15,93,37,28,13.2,41,0,17.1,2099,52.0,0.0,No Faults Detected
16/08/2025 15:21:50,98.0,-37.3,4.021,4.080,38,36,5.22,15,93,37,28,36.1,28,0,18.6,2288,52.0,0.0,No Faults Detected
16/08/2025 15:21:51,98.0,-7.8,4.022,4.062,38,36,5.22,15,93,37,28,11.0,36,0,18,2214,52.0,0.0,No Faults Detected
16/08/2025 15:21:52,98.0,6.0,4.052,4.070,38,36,5.22,15,93,37,28,26.3,36,100,17.8,2181,52.0,0.0,No Faults Detected
16/08/2025 15:21:53,98.0,-29.0,4.051,4.064,38,36,5.22,15,93,36,28,6.8,39,100,12.4,1520,52.0,0.0,No Faults Detected
16/08/2025 15:21:54,98.0,0.4,4.060,4.070,38,36,5.22,15,93,37,28,121.2,23,0,14.1,1738,51.0,0.0,No Faults Detected
16/08/2025 15:21:55,98.0,-24.0,4.014,4.063,38,36,5.22,15,93,37,28,3.1,0,100,3.2,394,52.0,0.0,No Faults Detected
16/08/2025 15:21:56,98.0,-43.3,4.051,4.068,38,36,5.22,15,93,37,28,7.3,0,0,3.9,481,52.0,0.0,No Faults Detected
16/08/2025 15:21:57,98.0,-10.2,4.055,4.070,38,36,5.22,15,93,37,28,85.5,0,0,5.1,632,52.0,0.0,No Faults Detected
16/08/2025 15:21:58,98.0,-4.2,4.048,4.064,38,36,5.22,15,93,37,28,19.0,9,0,3.3,406,52.0,0.0,No Faults Detected
16/08/2025 15:21:59,98.0,-15.1,4.057,4.070,38,36,5.22,15,93,37,28,120.1,0,0,6.4,784,52.0,0.0,No Faults Detected
16/08/2025 15:22:00,98.0,-1.3,4.040,4.065,38,36,5.22,15,93,37,28,14.1,34,0,6.1,749,52.0,0.0,No Faults Detected
16/08/2025 15:22:01,98.0,-19.3,4.047,4.071,38,36,5.22,15,93,37,28,43.8,21,0,8.3,1014,52.0,0.0,No Faults Detected
16/08/2025 15:22:02,98.0,-6.9,4.048,4.058,38,36,5.22,15,93,37,28,17.5,13,0,10.4,1273,52.0,0.0,No Faults Detected
16/08/2025 15:22:03,98.0,-25.1,4.049,4.064,38,36,5.21,15,93,37,28,56.1,27,0,11.6,1428,52.0,0.0,No Faults Detected
16/08/2025 15:22:04,98.0,-22.3,4.037,4.068,38,36,5.21,15,93,37,28,14.7,31,0,13.5,1663,52.0,0.0,No Faults Detected
16/08/2025 15:22:05,98.0,-16.5,4.037,4.058,38,36,5.21,15,93,37,28,22.5,29,0,14.5,1787,52.0,0.0,No Faults Detected
16/08/2025 15:22:06,98.0,-24.0,4.043,4.061,38,36,5.21,15,93,37,28,93.0,35,0,17.3,2126,51.0,0.0,No Faults Detected
16/08/2025 15:22:07,98.0,-23.4,4.023,4.058,38,36,5.21,15,93,37,28,10.7,34,0,17.4,2135,52.0,0.0,No Faults Detected
16/08/2025 15:22:08,98.0,-46.1,4.050,4.070,38,36,5.21,15,93,37,28,11.7,35,0,17,2088,52.0,0.0,No Faults Detected
16/08/2025 15:22:09,98.0,-16.7,4.049,4.064,38,36,5.21,15,93,37,28,18.7,36,0,17.4,2137,52.0,0.0,No Faults Detected
16/08/2025 15:22:10,98.0,-4.4,4.051,4.060,38,36,5.21,15,93,37,28,24.4,38,0,17.5,2153,52.0,0.0,No Faults Detected
16/08/2025 15:22:11,98.0,-21.3,4.046,4.062,38,36,5.21,15,93,37,28,61.5,39,0,19.9,2442,52.0,0.0,No Faults Detected
16/08/2025 15:22:12,98.0,-19.4,4.030,4.063,38,36,5.20,15,93,37,28,10.4,39,0,19.3,2377,52.0,0.0,No Faults Detected
16/08/2025 15:22:13,98.0,-39.2,4.056,4.065,38,36,5.19,15,93,37,28,17.0,37,0,18.8,2313,52.0,0.0,No Faults Detected
16/08/2025 15:22:14,98.0,-5.8,4.054,4.065,38,36,5.19,15,93,37,28,11.2,37,0,18.3,2251,52.0,0.0,No Faults Detected
16/08/2025 15:22:15,98.0,-6.4,4.057,4.065,38,36,5.19,15,93,37,28,11.3,38,0,18.2,2240,52.0,0.0,No Faults Detected
16/08/2025 15:22:16,98.0,-6.7,4.037,4.063,38,36,5.19,15,93,37,28,16.4,36,0,19.2,2357,52.0,0.0,No Faults Detected
16/08/2025 15:22:17,98.0,-11.0,4.038,4.065,38,36,5.19,15,93,37,28,13.6,39,0,18.3,2249,52.0,0.0,No Faults Detected
16/08/2025 15:22:18,98.0,-20.2,4.058,4.074,38,36,5.19,15,93,37,28,29.4,36,0,19,2335,52.0,0.0,No Faults Detected
16/08/2025 15:22:19,98.0,-19.6,4.039,4.063,38,36,5.19,15,93,37,28,18.9,38,0,18.5,2273,52.0,0.0,No Faults Detected
16/08/2025 15:22:20,98.0,-19.0,4.058,4.071,38,36,5.19,15,93,37,28,24.0,37,0,19.1,2345,52.0,0.0,No Faults Detected
16/08/2025 15:22:21,98.0,4.0,4.044,4.064,38,36,5.19,15,93,37,28,11.2,38,0,18.4,2260,52.0,0.0,No Faults Detected
16/08/2025 15:22:22,98.0,-20.4,4.057,4.071,38,36,5.19,15,93,37,28,41.9,36,0,18.6,2289,52.0,0.0,No Faults Detected
16/08/2025 15:22:23,98.0,-1.1,4.044,4.063,38,36,5.19,15,93,37,28,21.4,36,0,18.1,2224,52.0,0.0,No Faults Detected
16/08/2025 15:22:24,98.0,-22.9,4.058,4.072,38,36,5.19,15,93,37,28,72.4,39,0,18.6,2289,52.0,0.0,No Faults Detected
16/08/2025 15:22:25,98.0,-6.9,4.024,4.064,38,36,5.19,15,93,37,28,12.3,39,0,19.4,2380,52.0,0.0,No Faults Detected
16/08/2025 15:22:26,98.0,-23.0,4.049,4.064,38,36,5.19,15,93,37,28,47.3,41,0,19.5,2398,52.0,0.0,No Faults Detected
16/08/2025 15:22:27,98.0,-21.6,4.035,4.062,38,36,5.19,15,93,37,28,14.4,35,0,19.8,2436,53.0,0.0,No Faults Detected
16/08/2025 15:22:28,98.0,-14.3,4.057,4.075,38,36,5.19,15,93,37,28,23.9,35,0,17.8,2185,52.0,0.0,No Faults Detected
16/08/2025 15:22:29,98.0,-4.1,4.060,4.087,38,36,5.19,15,93,37,28,10.7,35,0,17.1,2097,52.0,0.0,No Faults Detected
16/08/2025 15:22:30,98.0,3.2,4.048,4.068,38,36,5.19,15,93,37,28,37.0,35,0,17.2,2115,52.0,0.0,No Faults Detected
16/08/2025 15:22:31,98.0,0.4,4.047,4.058,38,36,5.19,15,93,37,28,11.5,35,0,17.5,2148,52.0,0.0,No Faults Detected
16/08/2025 15:22:32,98.0,-17.8,4.055,4.067,38,36,5.19,15,93,37,28,31.7,36,0,17.6,2167,52.0,0.0,No Faults Detected
16/08/2025 15:22:33,98.0,-12.0,4.049,4.061,38,36,5.19,15,93,37,28,18.3,35,0,17.8,2186,52.0,0.0,No Faults Detected
16/08/2025 15:22:34,98.0,-16.1,4.052,4.065,38,36,5.19,15,93,37,28,11.2,36,0,17.6,2160,52.0,0.0,No Faults Detected
16/08/2025 15:22:35,98.0,-13.4,4.056,4.065,38,36,5.19,15,93,37,28,12.2,34,0,17.3,2123,52.0,0.0,No Faults Detected
16/08/2025 15:22:36,98.0,-5.8,4.056,4.067,38,36,5.19,15,93,37,28,57.6,41,0,17.7,2173,52.0,0.0,No Faults Detected
16/08/2025 15:22:37,98.0,-8.8,4.022,4.064,38,36,5.19,15,93,37,28,19.2,0,0,19.7,2422,52.0,0.0,No Faults Detected
16/08/2025 15:22:39,98.0,-18.5,4.036,4.071,38,36,5.19,15,93,37,28,26.6,0,0,17.2,2118,52.0,0.0,No Faults Detected
16/08/2025 15:22:39,98.0,-26.6,4.063,4.074,38,36,5.19,15,93,37,28,17.4,0,0,15.6,1919,53.0,0.0,No Faults Detected
16/08/2025 15:22:41,98.0,18.0,4.062,4.073,38,36,5.19,15,93,37,28,12.8,8,0,14.1,1737,52.0,0.0,No Faults Detected
16/08/2025 15:22:42,98.0,7.9,4.063,4.072,38,36,5.19,15,93,37,28,5.3,9,100,11.1,1361,52.0,0.0,No Faults Detected
16/08/2025 15:22:43,98.0,6.4,4.062,4.074,38,36,5.19,15,93,37,28,3.9,12,100,8.2,1003,52.0,0.0,No Faults Detected
16/08/2025 15:22:44,98.0,5.4,4.062,4.070,38,36,5.19,15,93,37,28,5.1,33,0,7.3,897,52.0,0.0,No Faults Detected
16/08/2025 15:22:45,98.0,-5.5,4.030,4.067,38,36,5.19,15,93,37,28,10.2,14,0,11.1,1362,52.0,0.0,No Faults Detected
16/08/2025 15:22:46,98.0,-17.1,4.025,4.071,38,36,5.19,15,93,37,28,38.0,17,0,8.6,1053,52.0,0.0,No Faults Detected
16/08/2025 15:22:47,98.0,-29.9,4.062,4.077,38,36,5.19,15,93,37,28,92.3,10,0,9.2,1134,52.0,0.0,No Faults Detected
16/08/2025 15:22:48,98.0,-0.6,4.044,4.064,38,36,5.19,15,93,37,28,32.4,4,100,9,1103,52.0,0.0,No Faults Detected
16/08/2025 15:22:49,98.0,-7.5,4.052,4.068,38,36,5.19,15,93,37,28,33.4,28,0,5.4,661,52.0,0.0,No Faults Detected
16/08/2025 15:22:50,98.0,-9.1,4.051,4.067,38,36,5.19,15,93,37,28,14.8,20,100,6.6,805,52.0,0.0,No Faults Detected
16/08/2025 15:22:51,98.0,-5.7,4.061,4.070,38,36,5.19,15,93,37,28,170.8,36,0,8.9,1091,51.0,0.0,No Faults Detected
16/08/2025 15:22:52,98.0,-14.4,4.012,4.063,38,36,5.19,15,93,37,28,128.9,26,0,15,1845,50.0,0.0,No Faults Detected
16/08/2025 15:22:53,98.0,-48.4,3.996,4.061,38,36,5.19,15,93,37,28,55.8,25,0,15.4,1886,53.0,0.0,No Faults Detected
16/08/2025 15:22:54,98.0,-42.4,4.036,4.079,38,36,5.19,15,93,37,28,38.0,32,0,14,1715,52.0,0.0,No Faults Detected
16/08/2025 15:22:55,98.0,5.0,4.039,4.073,38,36,5.19,15,93,37,29,14.2,27,0,14.7,1807,52.0,0.0,No Faults Detected
16/08/2025 15:22:56,98.0,-16.9,4.058,4.075,38,36,5.19,15,93,37,29,64.4,31,0,15,1838,52.0,0.0,No Faults Detected
16/08/2025 15:22:57,98.0,-11.7,4.050,4.075,38,36,5.19,15,93,37,28,18.2,29,100,15.5,1908,52.0,0.0,No Faults Detected
16/08/2025 15:22:58,98.0,-12.7,4.056,4.070,38,36,5.19,15,93,37,28,10.2,29,100,11.6,1420,52.0,0.0,No Faults Detected
16/08/2025 15:22:59,98.0,-7.9,4.062,4.071,38,36,5.19,15,93,37,29,7.8,29,0,10.1,1242,52.0,0.0,No Faults Detected
16/08/2025 15:23:00,98.0,-0.2,4.061,4.071,38,36,5.19,15,93,37,29,51.0,30,0,10.2,1247,52.0,0.0,No Faults Detected
16/08/2025 15:23:01,98.0,5.0,4.016,4.064,38,36,5.19,15,93,37,29,26.7,27,0,14.3,1755,53.0,0.0,No Faults Detected
16/08/2025 15:23:02,98.0,-59.5,4.051,4.071,38,36,5.19,15,93,37,29,9.5,29,0,13.8,1697,52.0,0.0,No Faults Detected
16/08/2025 15:23:03,98.0,-3.9,4.048,4.065,38,36,5.19,15,93,37,29,29.2,29,0,14.9,1836,52.0,0.0,No Faults Detected
16/08/2025 15:23:04,98.0,-20.7,4.043,4.065,38,36,5.19,15,93,37,29,8.3,29,0,14.6,1794,52.0,0.0,No Faults Detected
16/08/2025 15:23:05,98.0,-21.4,4.058,4.067,38,36,5.19,15,93,37,29,21.7,29,0,14.3,1756,52.0,0.0,No Faults Detected
16/08/2025 15:23:06,98.0,-5.5,4.052,4.064,38,36,5.19,15,93,37,29,19.9,30,0,14.7,1808,52.0,0.0,No Faults Detected
16/08/2025 15:23:07,98.0,-6.0,4.055,4.064,38,36,5.19,15,93,37,29,19.9,29,0,14.7,1806,52.0,0.0,No Faults Detected
16/08/2025 15:23:08,98.0,-11.4,4.058,4.064,38,36,5.19,15,93,37,29,22.1,30,100,14.9,1833,52.0,0.0,No Faults Detected
16/08/2025 15:23:09,98.0,-9.7,4.056,4.063,38,36,5.19,15,93,37,29,18.3,30,100,12.5,1533,52.0,0.0,No Faults Detected
16/08/2025 15:23:10,98.0,-5.6,4.062,4.071,38,36,5.19,15,93,37,29,13.3,30,100,10.1,1245,52.0,0.0,No Faults Detected
16/08/2025 15:23:11,98.0,1.4,4.061,4.070,38,36,5.19,15,93,37,29,12.3,28,100,8.4,1032,52.0,0.0,No Faults Detected
16/08/2025 15:23:12,98.0,4.8,4.063,4.070,38,36,5.19,15,93,37,29,19.0,27,100,6.7,817,52.0,0.0,No Faults Detected
16/08/2025 15:23:14,98.0,1.9,4.063,4.071,38,36,5.19,15,93,37,29,19.2,28,100,4.5,553,52.0,0.0,No Faults Detected
16/08/2025 15:23:15,98.0,4.3,4.063,4.071,38,36,5.19,15,93,37,29,51.3,34,0,4,490,52.0,0.0,No Faults Detected
16/08/2025 15:23:16,98.0,2.1,4.032,4.065,38,36,5.19,15,93,37,29,94.9,3,100,9.1,1115,52.0,0.0,No Faults Detected
16/08/2025 15:23:17,98.0,-32.6,4.033,4.051,38,36,5.19,15,93,37,29,29.4,24,100,7.8,954,52.0,0.0,No Faults Detected
16/08/2025 15:23:18,98.0,-32.7,4.061,4.075,38,36,5.19,15,93,37,29,121.6,36,0,7.3,897,51.0,0.0,No Faults Detected
16/08/2025 15:23:19,98.0,-1.0,3.988,4.067,38,36,5.19,15,93,37,29,115.8,17,0,14.9,1832,51.0,0.0,No Faults Detected
16/08/2025 15:23:20,98.0,-43.6,3.982,4.057,38,36,5.19,15,93,37,29,42.1,29,0,14.4,1773,53.0,0.0,No Faults Detected
16/08/2025 15:23:21,98.0,-71.8,4.019,4.075,38,36,5.19,15,93,37,29,61.2,22,0,16.6,2042,52.0,0.0,No Faults Detected
16/08/2025 15:23:22,98.0,-43.3,4.019,4.059,38,36,5.19,15,93,37,29,10.1,42,0,16.6,2037,52.0,0.0,No Faults Detected
16/08/2025 15:23:23,98.0,-37.7,4.052,4.064,38,36,5.19,15,93,37,29,60.4,36,0,20.9,2562,52.0,0.0,No Faults Detected
16/08/2025 15:23:24,98.0,-51.6,3.999,4.062,38,36,5.19,15,93,37,29,33.1,44,0,19.8,2435,53.0,0.0,No Faults Detected
16/08/2025 15:23:25,98.0,-41.4,4.025,4.070,38,36,5.19,15,93,37,30,118.5,43,0,23.2,2850,51.0,0.0,No Faults Detected
16/08/2025 15:23:26,98.0,-28.7,3.985,4.052,38,36,5.19,15,93,37,29,13.3,46,0,23.2,2851,52.0,0.0,No Faults Detected
16/08/2025 15:23:27,98.0,-33.6,4.052,4.061,38,36,5.19,15,93,37,29,38.6,46,0,22.7,2791,52.0,0.0,No Faults Detected
16/08/2025 15:23:28,98.0,-46.9,4.040,4.062,38,36,5.19,15,93,37,29,14.0,43,0,22.3,2737,52.0,0.0,No Faults Detected
16/08/2025 15:23:29,98.0,-19.6,4.044,4.060,38,36,5.19,15,93,37,29,12.1,43,0,21.4,2632,52.0,0.0,No Faults Detected
16/08/2025 15:23:30,98.0,-16.6,4.053,4.064,38,36,5.19,15,93,37,29,38.3,43,0,21.3,2612,52.0,0.0,No Faults Detected
16/08/2025 15:23:31,98.0,-2.6,4.039,4.054,38,36,5.19,15,93,37,29,27.0,43,0,21,2582,52.0,0.0,No Faults Detected
16/08/2025 15:23:32,98.0,-28.8,4.048,4.064,38,36,5.19,15,93,37,29,21.8,43,0,21.3,2616,52.0,0.0,No Faults Detected
16/08/2025 15:23:33,98.0,-20.1,4.048,4.058,38,36,5.19,15,93,37,29,25.8,43,0,21.2,2604,52.0,0.0,No Faults Detected
16/08/2025 15:23:34,98.0,-20.6,4.048,4.055,38,36,5.19,15,93,37,29,27.4,43,0,21.3,2616,52.0,0.0,No Faults Detected
16/08/2025 15:23:35,98.0,-21.5,4.047,4.058,38,36,5.19,15,93,37,29,19.8,43,0,21.4,2623,52.0,0.0,No Faults Detected
16/08/2025 15:23:36,98.0,-22.0,4.039,4.061,38,36,5.19,15,93,37,29,32.7,44,0,22.1,2712,52.0,0.0,No Faults Detected
16/08/2025 15:23:37,98.0,-20.1,4.039,4.056,38,36,5.19,15,93,37,29,23.6,44,0,22,2697,52.0,0.0,No Faults Detected
16/08/2025 15:23:38,98.0,-28.8,4.048,4.057,38,36,5.19,15,93,37,29,26.1,0,100,19,2339,52.0,0.0,No Faults Detected
16/08/2025 15:23:40,98.0,-17.0,4.053,4.072,38,36,5.19,15,93,37,29,11.9,22,100,16.5,2025,52.0,0.0,No Faults Detected
16/08/2025 15:23:41,98.0,4.9,4.058,4.072,38,36,5.19,15,93,37,29,15.4,34,100,14.7,1802,52.0,0.0,No Faults Detected
16/08/2025 15:23:41,98.0,5.6,4.060,4.072,38,36,5.19,15,93,37,29,9.5,42,100,13.2,1625,52.0,0.0,No Faults Detected
16/08/2025 15:23:43,98.0,6.4,4.058,4.067,38,36,5.19,15,93,37,29,6.6,55,100,10.6,1301,52.0,0.0,No Faults Detected
16/08/2025 15:23:44,98.0,2.1,4.058,4.068,38,36,5.19,15,93,37,30,65.9,59,0,9.8,1210,52.0,0.0,No Faults Detected
16/08/2025 15:23:45,98.0,-4.4,4.012,4.068,38,36,5.19,15,93,37,30,54.7,33,0,15.1,1856,52.0,0.0,No Faults Detected
16/08/2025 15:23:46,98.0,-17.1,4.012,4.056,38,36,5.19,15,93,37,30,95.0,29,0,17.2,2115,51.0,0.0,No Faults Detected
16/08/2025 15:23:47,98.0,-74.4,4.014,4.055,38,36,5.19,15,93,37,30,18.2,21,0,16.6,2037,52.0,0.0,No Faults Detected
16/08/2025 15:23:48,98.0,-53.5,4.050,4.065,38,36,5.19,15,93,37,30,10.6,33,0,15.4,1892,52.0,0.0,No Faults Detected
16/08/2025 15:23:49,98.0,-32.4,4.045,4.069,38,36,5.19,15,93,37,30,55.8,30,0,15.9,1959,52.0,0.0,No Faults Detected
16/08/2025 15:23:50,98.0,3.0,4.038,4.054,38,36,5.19,15,93,37,30,78.6,36,0,17.6,2165,51.0,0.0,No Faults Detected
16/08/2025 15:23:51,98.0,-35.9,4.029,4.049,38,36,5.19,15,93,37,30,11.9,38,0,18.1,2220,52.0,0.0,No Faults Detected
16/08/2025 15:23:52,98.0,-37.8,4.031,4.062,38,36,5.19,15,93,37,30,75.1,35,0,19.5,2395,52.0,0.0,No Faults Detected
16/08/2025 15:23:53,98.0,-35.7,4.023,4.052,38,36,5.19,15,93,37,30,12.2,38,0,19,2339,52.0,0.0,No Faults Detected
16/08/2025 15:23:54,98.0,-32.1,4.052,4.064,38,36,5.19,15,93,37,30,56.6,39,0,19.1,2342,52.0,0.0,No Faults Detected
16/08/2025 15:23:55,98.0,-16.3,4.036,4.055,38,36,5.19,15,93,37,30,24.2,39,0,19.6,2413,52.0,0.0,No Faults Detected
16/08/2025 15:23:56,98.0,-20.7,4.048,4.057,38,36,5.19,15,93,37,30,12.2,43,0,19.1,2351,52.0,0.0,No Faults Detected
16/08/2025 15:23:57,98.0,-23.7,4.025,4.058,38,36,5.19,15,93,38,30,42.5,38,0,20.4,2507,52.0,0.0,No Faults Detected
16/08/2025 15:23:58,98.0,-23.1,4.022,4.055,38,36,5.19,15,93,38,30,59.5,43,0,20.8,2554,51.0,0.0,No Faults Detected
16/08/2025 15:23:59,98.0,-39.1,4.035,4.060,38,36,5.19,15,93,38,30,13.1,41,0,20.8,2558,52.0,0.0,No Faults Detected
16/08/2025 15:24:00,98.0,-32.1,4.045,4.058,38,36,5.19,15,93,37,30,12.4,41,0,20.2,2482,52.0,0.0,No Faults Detected
16/08/2025 15:24:01,98.0,-14.1,4.045,4.062,38,36,5.19,15,93,37,30,25.9,40,0,20.3,2497,52.0,0.0,No Faults Detected
16/08/2025 15:24:02,98.0,-22.0,4.039,4.058,38,36,5.19,15,93,37,30,11.7,0,100,18.9,2326,52.0,0.0,No Faults Detected
16/08/2025 15:24:03,98.0,-11.9,4.052,4.064,38,36,5.19,15,93,37,30,7.4,0,100,14.2,1740,52.0,0.0,No Faults Detected
16/08/2025 15:24:05,98.0,-0.4,4.057,4.065,38,36,5.19,15,93,37,30,8.4,30,0,12.2,1497,52.0,0.0,No Faults Detected
16/08/2025 15:24:06,98.0,1.0,4.055,4.067,38,36,5.19,15,93,37,30,148.8,23,0,14.8,1822,51.0,0.0,No Faults Detected
16/08/2025 15:24:07,98.0,-8.6,4.003,4.054,38,36,5.19,15,93,37,30,10.5,37,0,16,1967,52.0,0.0,No Faults Detected
16/08/2025 15:24:07,98.0,-54.5,4.047,4.058,38,36,5.19,15,93,38,30,66.1,34,0,18,2215,52.0,0.0,No Faults Detected
16/08/2025 15:24:08,98.0,-30.6,4.017,4.058,38,36,5.19,15,93,38,30,26.9,37,0,18.6,2282,52.0,0.0,No Faults Detected
16/08/2025 15:24:10,98.0,-36.7,4.047,4.058,38,36,5.19,15,93,37,30,11.4,38,0,18.2,2232,52.0,0.0,No Faults Detected
16/08/2025 15:24:10,98.0,-28.8,4.052,4.062,38,36,5.19,15,93,38,30,82.5,40,0,19.7,2420,51.0,0.0,No Faults Detected
16/08/2025 15:24:12,98.0,-14.9,4.014,4.055,38,36,5.19,15,93,38,30,11.2,41,0,20.4,2505,52.0,0.0,No Faults Detected
16/08/2025 15:24:13,98.0,-23.7,4.049,4.061,38,36,5.19,15,93,38,30,32.0,41,0,20.5,2519,52.0,0.0,No Faults Detected
16/08/2025 15:24:14,98.0,-30.3,4.044,4.057,38,36,5.19,15,93,38,30,18.1,41,0,20.5,2521,52.0,0.0,No Faults Detected
16/08/2025 15:24:15,98.0,-17.1,4.045,4.056,38,36,5.19,15,93,38,30,38.6,43,0,21,2576,52.0,0.0,No Faults Detected
16/08/2025 15:24:16,98.0,-17.0,4.038,4.051,38,36,5.19,15,93,38,30,20.7,43,0,21.3,2615,52.0,0.0,No Faults Detected
16/08/2025 15:24:17,98.0,-31.8,4.045,4.056,38,36,5.19,15,93,38,30,22.5,43,0,21.2,2606,52.0,0.0,No Faults Detected
16/08/2025 15:24:18,98.0,-19.5,4.044,4.055,38,36,5.19,15,93,38,30,19.0,43,0,21,2574,52.0,0.0,No Faults Detected
16/08/2025 15:24:19,98.0,-19.4,4.044,4.056,38,36,5.19,15,93,38,30,67.8,45,0,21.8,2677,51.0,0.0,No Faults Detected
16/08/2025 15:24:20,97.0,-19.4,4.026,4.049,38,36,5.18,15,93,38,30,19.9,45,0,22.2,2733,52.0,0.0,No Faults Detected
16/08/2025 15:24:21,97.0,-37.5,4.042,4.058,38,36,5.18,15,93,38,30,15.0,44,0,22.3,2738,52.0,0.0,No Faults Detected
16/08/2025 15:24:22,97.0,-27.1,4.039,4.060,38,36,5.18,15,93,38,30,45.9,45,0,23.1,2837,52.0,0.0,No Faults Detected
16/08/2025 15:24:23,97.0,-20.1,4.029,4.058,38,36,5.18,15,93,37,30,13.1,46,0,23,2824,52.0,0.0,No Faults Detected
16/08/2025 15:24:24,97.0,-29.5,4.049,4.058,38,36,5.17,15,93,37,30,14.7,45,0,22.5,2767,52.0,0.0,No Faults Detected
16/08/2025 15:24:25,97.0,-12.9,4.046,4.057,38,36,5.17,15,93,38,30,22.8,45,0,22.5,2763,52.0,0.0,No Faults Detected
16/08/2025 15:24:26,97.0,-15.0,4.045,4.058,38,36,5.17,15,93,38,30,31.6,47,0,22.5,2764,52.0,0.0,No Faults Detected
16/08/2025 15:24:27,97.0,-15.0,4.045,4.057,38,36,5.17,15,93,38,31,46.3,45,0,24.7,3036,52.0,0.0,No Faults Detected
16/08/2025 15:24:28,97.0,-21.7,4.018,4.042,38,36,5.17,15,93,38,30,16.8,45,0,23.8,2927,52.0,0.0,No Faults Detected
16/08/2025 15:24:29,97.0,-47.1,4.051,4.064,38,36,5.16,15,93,38,30,12.8,27,0,22.4,2746,52.0,0.0,No Faults Detected
16/08/2025 15:24:30,97.0,1.5,4.050,4.061,38,36,5.16,15,93,37,30,44.0,0,0,20.1,2470,53.0,0.0,No Faults Detected
16/08/2025 15:24:31,97.0,5.3,4.050,4.080,38,36,5.16,15,93,37,30,9.8,0,0,18,2217,52.0,0.0,No Faults Detected
16/08/2025 15:24:32,97.0,10.5,4.056,4.077,38,36,5.16,15,93,37,30,6.0,0,100,12.2,1493,52.0,0.0,No Faults Detected
16/08/2025 15:24:33,97.0,10.9,4.057,4.064,38,36,5.16,15,93,37,30,6.8,0,100,6.3,780,52.0,0.0,No Faults Detected
16/08/2025 15:24:35,97.0,0.1,4.057,4.064,38,36,5.16,15,93,37,30,35.1,6,100,4,492,52.0,0.0,No Faults Detected
16/08/2025 15:24:36,97.0,0.0,4.051,4.068,38,36,5.16,15,93,38,30,104.6,0,0,3.8,463,52.0,0.0,No Faults Detected
16/08/2025 15:24:37,97.0,-0.3,4.045,4.067,38,36,5.16,15,93,38,30,26.7,36,0,0.5,65,52.0,0.0,No Faults Detected
16/08/2025 15:24:38,97.0,-19.8,4.057,4.067,38,36,5.16,15,93,38,30,76.5,0,0,3.1,384,52.0,0.0,No Faults Detected
16/08/2025 15:24:39,97.0,0.8,4.046,4.064,38,36,5.16,15,93,38,30,93.9,14,0,5,615,52.0,0.0,No Faults Detected
16/08/2025 15:24:40,97.0,-10.4,4.054,4.062,37,36,5.16,15,93,38,30,50.1,0,0,3.2,391,52.0,0.0,No Faults Detected
16/08/2025 15:24:41,97.0,-11.0,4.058,4.068,37,36,5.16,15,93,38,30,99.3,19,0,3.3,410,52.0,0.0,No Faults Detected
16/08/2025 15:24:42,97.0,3.6,4.031,4.058,37,36,5.16,15,93,38,30,82.8,0,0,8,986,52.0,0.0,No Faults Detected
16/08/2025 15:24:43,97.0,-12.2,4.039,4.056,37,36,5.16,15,93,38,31,9.0,33,0,6.3,771,52.0,0.0,No Faults Detected
16/08/2025 15:24:44,97.0,-22.5,4.057,4.073,37,36,5.16,15,93,38,30,202.1,27,0,11.1,1362,51.0,0.0,No Faults Detected
16/08/2025 15:24:45,97.0,-27.8,4.003,4.054,37,36,5.16,15,93,38,30,10.3,36,0,14.7,1802,52.0,0.0,No Faults Detected
16/08/2025 15:24:46,97.0,-57.0,4.015,4.058,37,36,5.16,15,93,38,31,112.5,36,0,16.7,2056,51.0,0.0,No Faults Detected
16/08/2025 15:24:47,97.0,-62.3,4.003,4.058,37,36,5.16,15,93,38,30,41.6,37,0,17.2,2108,53.0,0.0,No Faults Detected
16/08/2025 15:24:48,97.0,-61.3,4.045,4.064,37,36,5.16,15,93,38,31,75.7,36,0,16.9,2082,51.0,0.0,No Faults Detected
16/08/2025 15:24:49,97.0,-26.9,4.031,4.058,37,36,5.16,15,93,38,30,12.4,29,100,16.9,2072,52.0,0.0,No Faults Detected
16/08/2025 15:24:50,97.0,-19.7,4.045,4.071,37,36,5.16,15,93,38,31,10.2,44,0,15.1,1861,52.0,0.0,No Faults Detected
16/08/2025 15:24:51,97.0,-24.0,4.055,4.068,37,36,5.16,15,93,38,31,70.4,23,0,18.6,2280,52.0,0.0,No Faults Detected
16/08/2025 15:24:52,97.0,-8.2,3.991,4.060,38,36,5.16,15,93,38,31,11.1,38,0,18.4,2256,52.0,0.0,No Faults Detected
16/08/2025 15:24:53,97.0,-60.0,4.033,4.060,38,36,5.16,15,93,38,31,13.3,0,0,18.8,2311,52.0,0.0,No Faults Detected
16/08/2025 15:24:54,97.0,-14.6,4.033,4.055,38,36,5.16,15,93,38,31,28.1,13,0,16.8,2063,52.0,0.0,No Faults Detected
16/08/2025 15:24:55,97.0,-9.0,4.051,4.074,38,36,5.16,15,93,38,31,99.0,41,0,17.1,2095,51.0,0.0,No Faults Detected
16/08/2025 15:24:56,97.0,-9.7,3.984,4.064,38,36,5.16,15,93,38,31,48.1,40,0,20.1,2473,52.0,0.0,No Faults Detected
16/08/2025 15:24:57,97.0,-20.5,4.018,4.050,38,36,5.16,15,93,38,31,15.7,41,0,20.6,2534,52.0,0.0,No Faults Detected
16/08/2025 15:24:59,97.0,-45.8,4.042,4.057,38,36,5.16,15,93,38,31,20.7,47,0,19.8,2436,52.0,0.0,No Faults Detected
16/08/2025 15:25:00,97.0,-23.8,4.037,4.055,38,36,5.16,15,93,38,31,49.1,15,0,21.7,2662,52.0,0.0,No Faults Detected
16/08/2025 15:25:01,97.0,-39.1,4.019,4.058,38,36,5.16,15,93,38,31,37.1,0,0,20,2453,53.0,0.0,No Faults Detected
16/08/2025 15:25:01,97.0,-19.8,4.052,4.065,38,36,5.16,15,93,38,31,9.8,0,0,17.9,2193,52.0,0.0,No Faults Detected
16/08/2025 15:25:03,97.0,-6.4,4.054,4.064,38,36,5.16,15,93,38,31,8.8,0,0,15.6,1920,52.0,0.0,No Faults Detected
16/08/2025 15:25:04,97.0,8.9,4.055,4.064,38,36,5.16,15,93,38,31,10.5,28,0,14,1725,52.0,0.0,No Faults Detected
16/08/2025 15:25:05,97.0,3.8,3.999,4.064,38,36,5.16,15,93,38,31,60.6,0,0,16.4,2017,52.0,0.0,No Faults Detected
16/08/2025 15:25:06,97.0,2.7,3.999,4.054,38,36,5.16,15,93,38,31,30.8,29,0,14.9,1826,52.0,0.0,No Faults Detected
16/08/2025 15:25:07,97.0,-39.0,4.052,4.068,38,36,5.16,15,93,38,31,60.8,7,0,16.3,2003,52.0,0.0,No Faults Detected
16/08/2025 15:25:08,97.0,-19.4,4.016,4.058,38,36,5.16,15,93,38,31,19.4,29,0,15.4,1894,52.0,0.0,No Faults Detected
16/08/2025 15:25:09,97.0,-15.3,4.051,4.068,38,36,5.16,15,93,38,31,36.0,30,0,14.6,1790,52.0,0.0,No Faults Detected
16/08/2025 15:25:10,97.0,4.8,4.044,4.060,38,36,5.16,15,93,38,31,9.7,28,0,14.1,1728,52.0,0.0,No Faults Detected
16/08/2025 15:25:11,97.0,-15.2,4.052,4.062,38,36,5.16,15,93,38,31,29.7,28,0,13.7,1689,52.0,0.0,No Faults Detected
16/08/2025 15:25:12,97.0,-5.3,4.044,4.058,38,36,5.16,15,93,38,31,7.8,0,0,12.6,1554,52.0,0.0,No Faults Detected
16/08/2025 15:25:13,97.0,-14.6,4.054,4.068,38,36,5.16,15,93,38,31,8.5,24,0,10.4,1274,52.0,0.0,No Faults Detected
16/08/2025 15:25:14,97.0,4.5,4.019,4.067,38,36,5.16,15,93,38,31,46.8,12,0,12.2,1501,52.0,0.0,No Faults Detected
16/08/2025 15:25:15,97.0,-5.2,4.019,4.062,38,36,5.16,15,93,38,31,94.2,42,0,11.8,1455,52.0,0.0,No Faults Detected
16/08/2025 15:25:16,97.0,-36.7,3.969,4.057,38,36,5.16,15,93,38,31,76.0,32,0,19.3,2375,51.0,0.0,No Faults Detected
16/08/2025 15:25:17,97.0,-54.7,3.989,4.058,38,36,5.16,15,93,38,31,11.8,43,0,19.5,2394,52.0,0.0,No Faults Detected
16/08/2025 15:25:18,97.0,-98.3,4.011,4.058,38,36,5.16,15,93,38,31,41.7,38,0,20.9,2568,52.0,0.0,No Faults Detected
16/08/2025 15:25:19,97.0,-13.7,4.011,4.055,38,36,5.16,15,93,38,31,11.1,40,0,20.2,2482,52.0,0.0,No Faults Detected
16/08/2025 15:25:20,97.0,-23.0,4.041,4.062,38,36,5.16,15,93,38,31,24.7,37,0,19.8,2429,52.0,0.0,No Faults Detected
16/08/2025 15:25:21,97.0,-10.5,4.041,4.056,38,36,5.16,15,93,38,31,11.7,39,0,19,2329,52.0,0.0,No Faults Detected
16/08/2025 15:25:22,97.0,-14.2,4.011,4.060,38,36,5.16,15,93,38,31,47.3,39,0,20.2,2482,52.0,0.0,No Faults Detected
16/08/2025 15:25:23,97.0,-9.6,4.011,4.049,38,36,5.16,15,93,38,31,38.7,42,0,20.8,2553,52.0,0.0,No Faults Detected
16/08/2025 15:25:24,97.0,-49.1,4.039,4.051,38,36,5.16,15,93,38,32,25.0,29,0,21.1,2592,52.0,0.0,No Faults Detected
16/08/2025 15:25:25,97.0,-30.2,4.039,4.055,38,36,5.16,15,93,38,32,12.8,31,0,20.1,2471,52.0,0.0,No Faults Detected
16/08/2025 15:25:27,97.0,-27.0,4.051,4.063,38,36,5.16,15,93,38,31,8.9,34,100,16.1,1984,52.0,0.0,No Faults Detected
16/08/2025 15:25:28,97.0,2.4,4.048,4.063,38,36,5.16,15,93,38,32,96.4,31,100,17.4,2132,51.0,0.0,No Faults Detected
16/08/2025 15:25:29,97.0,-4.1,4.005,4.054,38,36,5.16,15,93,38,32,10.0,51,0,17.5,2153,52.0,0.0,No Faults Detected
16/08/2025 15:25:30,97.0,-41.6,4.050,4.060,38,36,5.16,15,93,38,33,172.0,48,0,21.8,2672,50.0,0.0,No Faults Detected
16/08/2025 15:25:31,97.0,-23.3,3.969,4.056,38,36,5.16,15,93,38,32,14.3,49,0,24.3,2990,52.0,0.0,No Faults Detected
16/08/2025 15:25:32,97.0,-57.3,4.027,4.055,38,36,5.16,15,93,38,33,46.4,44,0,25.5,3128,52.0,0.0,No Faults Detected
16/08/2025 15:25:33,97.0,-64.6,4.026,4.055,38,36,5.16,15,93,38,32,21.7,47,0,24.3,2985,52.0,0.0,No Faults Detected
16/08/2025 15:25:34,97.0,-11.0,4.049,4.064,38,36,5.16,15,93,38,33,62.8,48,0,24.4,2996,51.0,0.0,No Faults Detected
16/08/2025 15:25:35,97.0,-24.7,4.020,4.062,38,36,5.16,15,93,38,32,13.0,48,0,24.4,2993,52.0,0.0,No Faults Detected
16/08/2025 15:25:36,97.0,-10.5,4.048,4.058,38,36,5.16,15,93,38,32,12.7,46,0,23.4,2880,52.0,0.0,No Faults Detected
16/08/2025 15:25:37,97.0,-26.4,4.048,4.057,38,36,5.16,15,93,38,32,37.1,30,0,23.5,2885,52.0,0.0,No Faults Detected
16/08/2025 15:25:38,97.0,-5.8,4.033,4.052,38,36,5.16,15,93,38,32,13.1,55,0,22.9,2816,52.0,0.0,No Faults Detected
16/08/2025 15:25:39,97.0,-24.3,4.045,4.057,38,36,5.16,15,93,38,33,73.6,51,0,25.5,3132,51.0,0.0,No Faults Detected
16/08/2025 15:25:40,97.0,-26.7,3.988,4.049,38,36,5.16,15,93,38,33,16.0,51,0,25.5,3134,52.0,0.0,No Faults Detected
16/08/2025 15:25:41,97.0,-61.1,4.041,4.056,38,36,5.16,15,93,38,33,28.3,52,0,25.4,3121,52.0,0.0,No Faults Detected
16/08/2025 15:25:42,97.0,-22.4,4.036,4.048,38,36,5.16,15,93,38,33,29.7,52,0,25.7,3153,52.0,0.0,No Faults Detected
16/08/2025 15:25:43,97.0,-29.5,4.033,4.047,38,36,5.16,15,93,38,33,40.9,52,0,25.9,3187,52.0,0.0,No Faults Detected
16/08/2025 15:25:44,97.0,-31.8,4.032,4.045,38,36,5.16,15,93,38,33,16.0,52,0,25.7,3153,52.0,0.0,No Faults Detected
16/08/2025 15:25:45,97.0,-27.1,4.036,4.052,38,36,5.16,15,93,38,33,23.3,51,0,25.4,3124,52.0,0.0,No Faults Detected
16/08/2025 15:25:46,97.0,-29.8,4.033,4.050,38,36,5.16,15,93,38,33,31.8,52,0,25.6,3147,52.0,0.0,No Faults Detected
16/08/2025 15:25:47,97.0,-27.0,4.035,4.050,38,36,5.16,15,93,38,33,19.3,52,0,25.5,3136,52.0,0.0,No Faults Detected
16/08/2025 15:25:48,97.0,-23.7,4.042,4.051,38,36,5.15,15,93,38,33,32.4,52,0,25.4,3122,52.0,0.0,No Faults Detected
16/08/2025 15:25:49,97.0,-24.6,4.036,4.047,38,36,5.15,15,93,38,33,21.9,52,0,25.6,3141,52.0,0.0,No Faults Detected
16/08/2025 15:25:50,97.0,-22.0,4.039,4.050,38,36,5.15,15,93,38,33,27.0,54,0,25.8,3166,52.0,0.0,No Faults Detected
16/08/2025 15:25:51,97.0,-27.1,4.032,4.047,38,36,5.14,15,93,38,33,23.9,52,0,26,3198,52.0,0.0,No Faults Detected
16/08/2025 15:25:52,97.0,-33.0,4.037,4.051,38,36,5.14,15,93,38,33,33.9,56,0,26.2,3214,52.0,0.0,No Faults Detected
16/08/2025 15:25:53,97.0,-22.9,4.017,4.056,38,36,5.14,15,93,38,33,19.2,54,0,26.9,3299,52.0,0.0,No Faults Detected
16/08/2025 15:25:54,97.0,-41.5,4.027,4.056,38,36,5.14,15,93,38,33,16.8,55,0,26.6,3273,52.0,0.0,No Faults Detected
16/08/2025 15:25:55,97.0,-27.2,4.039,4.051,38,36,5.14,15,93,38,33,35.3,52,0,26.5,3256,52.0,0.0,No Faults Detected
16/08/2025 15:25:56,97.0,-20.3,4.034,4.053,38,36,5.14,15,93,38,33,16.1,53,0,26.4,3239,52.0,0.0,No Faults Detected
16/08/2025 15:25:57,97.0,-18.9,4.045,4.052,38,36,5.14,15,93,38,33,23.2,53,0,26,3198,52.0,0.0,No Faults Detected
16/08/2025 15:25:58,97.0,-20.9,4.035,4.048,38,36,5.13,15,93,38,33,22.1,43,100,25.8,3169,52.0,0.0,No Faults Detected
16/08/2025 15:25:59,97.0,-21.7,4.038,4.051,38,36,5.13,15,93,38,32,10.0,0,100,19,2338,52.0,0.0,No Faults Detected
16/08/2025 15:26:00,97.0,-12.1,4.051,4.063,38,36,5.13,15,93,38,32,7.6,0,100,14.4,1770,52.0,0.0,No Faults Detected
16/08/2025 15:26:01,97.0,-6.0,4.051,4.061,38,36,5.13,15,93,38,32,9.0,47,0,11,1354,52.0,0.0,No Faults Detected
16/08/2025 15:26:02,97.0,0.4,4.009,4.062,38,36,5.13,15,93,38,32,75.2,0,0,14.1,1736,52.0,0.0,No Faults Detected
16/08/2025 15:26:03,97.0,-22.5,4.009,4.055,38,36,5.13,15,93,38,32,41.4,0,0,11.6,1426,52.0,0.0,No Faults Detected
16/08/2025 15:26:04,97.0,-1.8,4.051,4.067,38,36,5.13,15,93,38,32,11.7,0,0,8.8,1077,52.0,0.0,No Faults Detected
16/08/2025 15:26:05,97.0,12.6,4.051,4.063,38,36,5.13,15,93,38,32,9.9,29,0,6.8,836,52.0,0.0,No Faults Detected
16/08/2025 15:26:06,97.0,3.3,4.044,4.063,38,36,5.13,15,93,38,32,142.0,29,0,10.8,1329,51.0,0.0,No Faults Detected
16/08/2025 15:26:08,97.0,-18.2,4.008,4.047,38,36,5.13,15,93,38,32,10.8,45,0,14.8,1816,52.0,0.0,No Faults Detected
16/08/2025 15:26:09,97.0,-68.9,3.997,4.058,38,36,5.13,15,93,38,32,37.4,30,0,18.6,2284,52.0,0.0,No Faults Detected
16/08/2025 15:26:10,97.0,-34.2,3.999,4.055,38,36,5.13,15,93,38,32,30.2,36,0,18.3,2243,52.0,0.0,No Faults Detected
16/08/2025 15:26:11,97.0,-51.0,4.037,4.056,38,36,5.13,15,93,38,32,11.6,35,0,18,2211,52.0,0.0,No Faults Detected
16/08/2025 15:26:12,97.0,-15.8,4.048,4.057,38,36,5.13,15,93,38,32,11.1,35,0,17.4,2138,52.0,0.0,No Faults Detected
16/08/2025 15:26:13,97.0,-13.4,4.050,4.058,38,36,5.13,15,93,38,32,41.4,46,0,17,2086,52.0,0.0,No Faults Detected
16/08/2025 15:26:14,97.0,-2.9,3.991,4.054,38,36,5.13,15,93,38,33,89.9,37,0,22,2708,52.0,0.0,No Faults Detected
16/08/2025 15:26:15,97.0,-60.5,3.991,4.051,38,36,5.13,15,93,38,32,28.0,42,0,20.9,2571,52.0,0.0,No Faults Detected
16/08/2025 15:26:16,97.0,-57.4,4.039,4.061,38,36,5.13,15,93,38,32,44.3,40,0,21.4,2624,52.0,0.0,No Faults Detected
16/08/2025 15:26:17,97.0,-10.3,4.028,4.052,38,36,5.13,15,93,38,33,12.4,42,0,20.8,2561,52.0,0.0,No Faults Detected
16/08/2025 15:26:18,97.0,-30.0,4.044,4.055,38,36,5.13,15,93,38,33,43.2,41,0,21.1,2588,52.0,0.0,No Faults Detected
16/08/2025 15:26:19,97.0,-8.7,4.032,4.051,38,36,5.13,15,93,38,32,12.4,43,0,20.9,2566,52.0,0.0,No Faults Detected
16/08/2025 15:26:20,97.0,-27.6,4.038,4.055,38,36,5.13,15,93,38,33,26.3,42,0,22.1,2712,52.0,0.0,No Faults Detected
16/08/2025 15:26:21,97.0,-11.6,4.022,4.051,38,36,5.13,15,93,38,33,67.6,47,0,22.5,2762,51.0,0.0,No Faults Detected
16/08/2025 15:26:22,97.0,-44.6,4.017,4.057,38,36,5.13,15,93,38,33,12.9,43,0,22.6,2777,52.0,0.0,No Faults Detected
16/08/2025 15:26:23,97.0,-19.2,4.046,4.058,38,36,5.13,15,93,38,33,18.8,46,0,21.8,2672,52.0,0.0,No Faults Detected
16/08/2025 15:26:24,97.0,-26.6,4.037,4.063,38,36,5.13,15,93,38,33,13.2,43,0,21.6,2655,52.0,0.0,No Faults Detected
16/08/2025 15:26:25,97.0,-1.1,4.047,4.055,38,36,5.13,15,93,38,33,12.0,43,0,21.2,2608,52.0,0.0,No Faults Detected
16/08/2025 15:26:26,97.0,-12.1,4.043,4.057,38,36,5.13,15,93,38,33,35.8,44,0,21.3,2619,52.0,0.0,No Faults Detected
16/08/2025 15:26:27,97.0,-11.9,4.036,4.049,38,36,5.13,15,93,38,33,19.6,44,0,21.7,2662,52.0,0.0,No Faults Detected
16/08/2025 15:26:28,97.0,-27.4,4.040,4.052,38,36,5.13,15,93,38,33,24.8,44,0,21.5,2638,52.0,0.0,No Faults Detected
16/08/2025 15:26:29,97.0,-20.3,4.044,4.052,38,36,5.13,15,93,38,33,27.2,44,0,21.7,2666,52.0,0.0,No Faults Detected
16/08/2025 15:26:30,97.0,-18.3,4.039,4.048,38,36,5.13,15,93,38,33,24.9,44,0,21.8,2676,52.0,0.0,No Faults Detected
16/08/2025 15:26:31,97.0,-23.0,4.041,4.056,38,36,5.13,15,93,38,33,21.3,44,0,21.8,2681,52.0,0.0,No Faults Detected
16/08/2025 15:26:32,97.0,-17.0,4.040,4.056,38,36,5.13,15,93,38,33,19.8,44,0,21.9,2686,52.0,0.0,No Faults Detected
16/08/2025 15:26:33,97.0,-15.7,4.042,4.051,38,36,5.13,15,93,38,33,23.2,44,0,21.9,2694,52.0,0.0,No Faults Detected
16/08/2025 15:26:34,97.0,-19.7,4.040,4.048,38,36,5.13,15,93,38,33,40.3,46,0,22.2,2731,52.0,0.0,No Faults Detected
16/08/2025 15:26:35,97.0,-23.3,4.033,4.050,38,36,5.13,15,93,38,33,24.0,46,0,22.4,2755,52.0,0.0,No Faults Detected
16/08/2025 15:26:36,97.0,-19.6,4.041,4.051,38,36,5.13,15,93,38,33,27.9,46,0,22.5,2770,52.0,0.0,No Faults Detected
16/08/2025 15:26:37,97.0,-27.7,4.036,4.048,38,36,5.13,15,93,38,33,29.4,46,0,22.8,2797,52.0,0.0,No Faults Detected
16/08/2025 15:26:39,97.0,-22.7,4.036,4.050,38,36,5.13,15,93,38,33,23.0,46,0,22.8,2807,52.0,0.0,No Faults Detected
16/08/2025 15:26:39,97.0,-21.2,4.041,4.051,38,36,5.13,15,93,38,33,22.2,46,0,22.8,2800,52.0,0.0,No Faults Detected
16/08/2025 15:26:41,97.0,-22.1,4.035,4.048,38,36,5.13,15,93,38,33,15.2,0,100,19.4,2381,52.0,0.0,No Faults Detected
16/08/2025 15:26:42,97.0,-14.9,4.050,4.065,38,36,5.13,15,93,38,33,9.1,0,100,14.5,1781,52.0,0.0,No Faults Detected
16/08/2025 15:26:43,97.0,1.2,4.050,4.061,38,36,5.13,15,93,38,33,5.1,3,100,10.7,1316,52.0,0.0,No Faults Detected
16/08/2025 15:26:44,97.0,1.1,4.051,4.060,38,36,5.13,15,93,38,33,10.3,35,0,9.9,1211,52.0,0.0,No Faults Detected
16/08/2025 15:26:45,97.0,-0.2,4.011,4.058,38,36,5.13,15,93,38,33,40.2,23,0,13.8,1694,52.0,0.0,No Faults Detected
16/08/2025 15:26:46,97.0,-34.8,4.029,4.058,38,36,5.13,15,93,38,33,90.8,36,0,14,1719,52.0,0.0,No Faults Detected
16/08/2025 15:26:47,97.0,-30.1,4.001,4.056,38,36,5.13,15,93,38,33,40.3,34,0,18,2208,52.0,0.0,No Faults Detected
16/08/2025 15:26:48,97.0,-53.0,4.001,4.051,38,36,5.13,15,93,38,33,28.6,38,0,17.8,2191,52.0,0.0,No Faults Detected
16/08/2025 15:26:49,97.0,-36.3,4.019,4.055,38,36,5.13,15,93,38,33,12.2,36,0,18.9,2321,52.0,0.0,No Faults Detected
16/08/2025 15:26:50,97.0,-34.4,4.025,4.056,38,36,5.13,15,93,38,33,40.5,39,0,18.6,2279,52.0,0.0,No Faults Detected
16/08/2025 15:26:51,97.0,-10.0,4.031,4.055,38,36,5.13,15,93,38,33,28.4,41,0,19.5,2392,52.0,0.0,No Faults Detected
16/08/2025 15:26:52,97.0,-12.7,4.030,4.049,38,36,5.13,15,93,38,33,29.5,39,0,20,2458,52.0,0.0,No Faults Detected
16/08/2025 15:26:53,97.0,-32.3,4.037,4.052,38,36,5.13,15,93,38,33,11.8,39,0,19.4,2384,52.0,0.0,No Faults Detected
16/08/2025 15:26:55,97.0,-22.6,4.045,4.055,38,36,5.13,15,93,38,33,11.5,37,0,18.6,2290,52.0,0.0,No Faults Detected
16/08/2025 15:26:55,97.0,-9.5,4.046,4.055,38,36,5.13,15,93,38,33,11.6,21,0,18.5,2268,52.0,0.0,No Faults Detected
16/08/2025 15:26:56,97.0,-5.4,4.045,4.058,38,36,5.13,15,93,38,33,11.2,0,100,14.8,1822,52.0,0.0,No Faults Detected
16/08/2025 15:26:57,97.0,9.0,4.051,4.067,38,36,5.13,15,93,38,33,5.0,0,100,10.6,1302,52.0,0.0,No Faults Detected
16/08/2025 15:26:58,97.0,6.7,4.051,4.060,38,36,5.13,15,93,38,33,0.9,0,100,3.8,469,52.0,0.0,No Faults Detected
16/08/2025 15:26:59,97.0,1.5,4.051,4.061,38,36,5.13,15,93,38,33,16.9,26,0,2.1,253,52.0,0.0,No Faults Detected
16/08/2025 15:27:00,97.0,-0.5,4.041,4.061,38,36,5.13,15,93,38,33,71.9,0,0,2.7,329,52.0,0.0,No Faults Detected
16/08/2025 15:27:01,97.0,-3.6,4.039,4.058,38,36,5.13,15,93,38,33,24.6,0,0,3.2,391,52.0,0.0,No Faults Detected
16/08/2025 15:27:03,97.0,-7.4,4.037,4.054,38,36,5.13,15,93,38,33,51.7,23,0,2.1,262,52.0,0.0,No Faults Detected
16/08/2025 15:27:03,97.0,-11.2,4.037,4.054,38,36,5.13,15,93,38,33,128.7,0,0,3.2,388,52.0,0.0,No Faults Detected
16/08/2025 15:27:04,97.0,-11.8,4.027,4.060,38,36,5.13,15,93,39,33,111.5,0,0,7.6,935,52.0,0.0,No Faults Detected
16/08/2025 15:27:06,97.0,-12.3,4.023,4.056,38,36,5.13,15,93,39,33,125.4,23,0,8.9,1092,52.0,0.0,No Faults Detected
16/08/2025 15:27:06,97.0,-26.0,4.047,4.058,38,36,5.13,15,93,39,33,10.0,17,0,11.3,1392,52.0,0.0,No Faults Detected
16/08/2025 15:27:07,97.0,-6.2,4.038,4.058,38,36,5.13,15,93,39,33,83.5,25,0,11,1352,52.0,0.0,No Faults Detected
16/08/2025 15:27:09,97.0,-30.7,4.032,4.057,38,36,5.13,15,93,39,33,9.2,33,0,12.7,1556,52.0,0.0,No Faults Detected
16/08/2025 15:27:10,97.0,-5.3,4.043,4.057,38,36,5.13,15,93,39,33,161.5,39,0,17.5,2151,51.0,0.0,No Faults Detected
16/08/2025 15:27:11,97.0,-24.4,3.996,4.050,37,36,5.13,15,93,39,33,15.4,30,0,19.2,2356,52.0,0.0,No Faults Detected
16/08/2025 15:27:12,97.0,-32.7,4.041,4.066,37,36,5.13,15,93,39,33,95.6,46,0,18.9,2327,51.0,0.0,No Faults Detected
16/08/2025 15:27:13,97.0,-17.6,4.003,4.060,38,36,5.13,15,93,39,33,13.3,40,0,20.8,2552,52.0,0.0,No Faults Detected
16/08/2025 15:27:14,97.0,-54.9,4.032,4.058,38,36,5.13,15,93,39,33,33.2,45,0,20.5,2517,52.0,0.0,No Faults Detected
16/08/2025 15:27:15,97.0,-17.5,4.008,4.063,38,36,5.13,15,93,39,33,12.6,36,0,21.1,2587,52.0,0.0,No Faults Detected
16/08/2025 15:27:16,97.0,-43.4,4.017,4.056,38,36,5.13,15,93,39,33,12.4,46,0,20.3,2489,52.0,0.0,No Faults Detected
16/08/2025 15:27:17,97.0,-3.6,4.021,4.063,38,36,5.13,15,93,39,33,16.4,40,0,21.2,2607,52.0,0.0,No Faults Detected
16/08/2025 15:27:18,97.0,-34.9,4.021,4.055,38,36,5.13,15,93,39,33,12.4,42,0,20.6,2532,52.0,0.0,No Faults Detected
16/08/2025 15:27:19,97.0,-34.4,4.045,4.058,38,36,5.13,15,93,39,33,38.2,42,0,21.1,2588,52.0,0.0,No Faults Detected
16/08/2025 15:27:20,97.0,-10.8,4.032,4.047,38,36,5.13,15,93,39,33,12.5,42,0,21.1,2590,52.0,0.0,No Faults Detected
16/08/2025 15:27:21,97.0,-30.9,4.041,4.055,38,36,5.13,15,93,39,34,22.7,43,0,21.7,2663,52.0,0.0,No Faults Detected
16/08/2025 15:27:22,97.0,-15.9,4.027,4.049,38,36,5.13,15,93,39,34,20.1,43,0,21.3,2621,52.0,0.0,No Faults Detected
16/08/2025 15:27:23,96.0,-26.0,4.036,4.050,38,36,5.13,15,93,39,34,12.5,42,0,21,2576,52.0,0.0,No Faults Detected
16/08/2025 15:27:24,96.0,-16.1,4.046,4.054,38,36,5.13,15,93,39,34,37.5,39,0,21.7,2666,52.0,0.0,No Faults Detected
16/08/2025 15:27:25,96.0,-13.2,4.034,4.051,38,36,5.13,15,93,39,34,15.6,43,0,20.7,2541,52.0,0.0,No Faults Detected
16/08/2025 15:27:26,96.0,-22.7,4.025,4.056,38,36,5.13,15,93,39,34,21.7,42,0,21.4,2629,52.0,0.0,No Faults Detected
16/08/2025 15:27:27,96.0,-14.8,4.025,4.051,38,36,5.13,15,93,39,34,12.5,44,0,21.1,2596,52.0,0.0,No Faults Detected
16/08/2025 15:27:28,96.0,-15.0,4.044,4.055,38,36,5.13,15,93,39,34,19.1,44,0,22.6,2778,52.0,0.0,No Faults Detected
16/08/2025 15:27:29,96.0,-29.7,4.010,4.054,38,36,5.13,15,93,39,34,12.3,45,0,22,2703,52.0,0.0,No Faults Detected
16/08/2025 15:27:30,96.0,-21.0,4.037,4.056,38,36,5.13,15,93,39,34,26.5,44,0,22.3,2737,52.0,0.0,No Faults Detected
16/08/2025 15:27:31,96.0,-1.1,4.031,4.055,38,36,5.13,15,93,39,34,12.4,44,0,21.7,2666,52.0,0.0,No Faults Detected
16/08/2025 15:27:32,96.0,-15.7,4.045,4.055,38,36,5.13,15,93,39,34,49.0,44,0,23.3,2859,52.0,0.0,No Faults Detected
16/08/2025 15:27:33,96.0,-5.6,4.024,4.052,38,36,5.13,15,93,39,34,16.4,46,0,22.6,2780,52.0,0.0,No Faults Detected
16/08/2025 15:27:34,96.0,-16.3,4.040,4.052,38,36,5.13,15,93,39,34,64.4,46,0,23.5,2888,51.0,0.0,No Faults Detected
16/08/2025 15:27:35,96.0,-37.2,4.015,4.053,38,36,5.13,15,93,39,34,11.7,35,0,23.2,2844,52.0,0.0,No Faults Detected
16/08/2025 15:27:36,96.0,-28.5,4.042,4.055,38,36,5.13,15,93,39,34,15.4,26,100,21.9,2693,52.0,0.0,No Faults Detected
16/08/2025 15:27:37,96.0,-22.2,4.049,4.063,38,36,5.13,15,93,39,34,10.2,32,100,18.4,2259,52.0,0.0,No Faults Detected
16/08/2025 15:27:38,96.0,5.4,4.050,4.060,38,36,5.13,15,93,39,34,12.8,48,100,16.2,1991,52.0,0.0,No Faults Detected
16/08/2025 15:27:39,96.0,2.1,4.052,4.060,38,36,5.13,15,93,39,34,29.8,53,0,15.8,1944,52.0,0.0,No Faults Detected
16/08/2025 15:27:40,96.0,7.1,4.033,4.060,38,36,5.13,15,93,39,34,140.2,28,0,21.8,2682,51.0,0.0,No Faults Detected
16/08/2025 15:27:41,96.0,-14.4,3.978,4.050,38,36,5.13,15,93,39,34,57.3,22,0,21,2579,53.0,0.0,No Faults Detected
16/08/2025 15:27:42,96.0,-80.3,4.044,4.076,38,36,5.13,15,93,39,34,17.3,26,0,18.5,2267,52.0,0.0,No Faults Detected
16/08/2025 15:27:43,96.0,18.1,4.052,4.067,38,36,5.13,15,93,39,34,14.8,32,0,17.3,2127,52.0,0.0,No Faults Detected
16/08/2025 15:27:45,96.0,20.9,4.048,4.063,38,36,5.13,15,93,39,34,36.1,38,0,16.9,2072,52.0,0.0,No Faults Detected
16/08/2025 15:27:46,96.0,7.3,4.024,4.051,38,36,5.13,15,93,39,34,45.8,38,0,19.5,2390,52.0,0.0,No Faults Detected
16/08/2025 15:27:47,96.0,-26.4,4.022,4.054,38,36,5.12,15,93,39,34,53.3,43,0,20.2,2484,52.0,0.0,No Faults Detected
16/08/2025 15:27:48,96.0,-29.5,4.023,4.054,38,36,5.12,15,93,39,34,13.4,44,0,20.7,2541,52.0,0.0,No Faults Detected
16/08/2025 15:27:49,96.0,-23.1,4.028,4.049,38,36,5.12,15,93,39,34,43.4,42,0,21.4,2624,52.0,0.0,No Faults Detected
16/08/2025 15:27:50,96.0,-27.9,4.032,4.055,38,36,5.12,15,93,39,34,13.8,44,0,21.6,2652,52.0,0.0,No Faults Detected
16/08/2025 15:27:51,96.0,-13.8,4.042,4.054,38,36,5.11,15,93,39,34,14.9,43,0,21.5,2641,52.0,0.0,No Faults Detected
16/08/2025 15:27:52,96.0,-18.2,4.040,4.051,38,36,5.11,15,93,39,34,25.9,42,100,21.3,2621,52.0,0.0,No Faults Detected
16/08/2025 15:27:53,96.0,-13.5,4.038,4.051,38,36,5.11,15,93,39,34,12.8,43,100,18,2209,52.0,0.0,No Faults Detected
16/08/2025 15:27:54,96.0,-12.2,4.050,4.064,38,36,5.11,15,93,39,34,11.8,44,100,16.2,1990,52.0,0.0,No Faults Detected
16/08/2025 15:27:55,96.0,-2.5,4.051,4.061,38,36,5.11,15,93,39,34,10.9,49,0,15.8,1942,52.0,0.0,No Faults Detected
16/08/2025 15:27:56,96.0,4.0,4.009,4.054,38,36,5.11,15,93,39,34,41.5,21,100,17.9,2205,52.0,0.0,No Faults Detected
16/08/2025 15:27:57,96.0,-31.8,4.042,4.058,38,36,5.11,15,93,39,34,13.7,35,100,12.8,1578,52.0,0.0,No Faults Detected
16/08/2025 15:27:58,96.0,-30.6,4.049,4.058,38,36,5.11,15,93,39,34,21.1,36,100,12.1,1484,52.0,0.0,No Faults Detected
16/08/2025 15:27:59,96.0,3.0,4.051,4.058,38,36,5.11,15,93,39,34,7.1,37,100,10.3,1263,52.0,0.0,No Faults Detected
16/08/2025 15:28:00,96.0,4.2,4.051,4.062,38,36,5.11,15,93,39,34,5.1,36,100,9.9,1216,52.0,0.0,No Faults Detected
16/08/2025 15:28:01,96.0,5.2,4.050,4.062,38,36,5.11,15,93,39,34,20.0,38,100,8.7,1068,52.0,0.0,No Faults Detected
16/08/2025 15:28:02,96.0,2.8,4.051,4.058,38,36,5.11,15,93,39,34,5.9,42,100,4.9,603,52.0,0.0,No Faults Detected
16/08/2025 15:28:03,96.0,1.6,4.051,4.058,38,36,5.11,15,93,39,34,6.2,46,0,4.4,542,52.0,0.0,No Faults Detected
16/08/2025 15:28:04,96.0,-9.9,3.993,4.058,38,36,5.11,15,93,39,34,62.9,0,100,13.3,1640,52.0,0.0,No Faults Detected
16/08/2025 15:28:05,96.0,-9.9,3.993,4.058,38,36,5.11,15,93,39,34,62.9,0,100,13.3,1640,52.0,0.0,No Faults Detected
16/08/2025 15:28:06,96.0,-64.6,4.023,4.057,38,36,5.11,15,93,39,34,23.9,26,0,7.5,926,52.0,0.0,No Faults Detected
16/08/2025 15:28:07,96.0,-6.8,4.025,4.054,38,36,5.11,15,93,39,34,60.8,0,0,8.2,1008,52.0,0.0,No Faults Detected
16/08/2025 15:28:08,96.0,-11.3,4.025,4.068,38,36,5.11,15,93,39,34,10.9,26,0,6.8,839,52.0,0.0,No Faults Detected
16/08/2025 15:28:09,96.0,4.5,4.042,4.057,38,36,5.11,15,93,39,34,22.5,0,0,9.7,1191,52.0,0.0,No Faults Detected
16/08/2025 15:28:11,96.0,-18.5,4.050,4.057,38,36,5.10,15,93,39,34,7.0,19,0,5,614,52.0,0.0,No Faults Detected
16/08/2025 15:28:11,96.0,-18.5,4.050,4.057,38,36,5.10,15,93,39,34,7.0,19,0,5,614,52.0,0.0,No Faults Detected
16/08/2025 15:28:12,96.0,0.0,4.041,4.055,38,36,5.10,15,93,39,34,8.1,19,0,7.5,919,52.0,0.0,No Faults Detected
16/08/2025 15:28:13,96.0,-11.0,4.034,4.051,38,36,5.10,15,93,39,34,31.5,12,100,9.4,1151,52.0,0.0,No Faults Detected
16/08/2025 15:28:14,96.0,-11.0,4.034,4.051,38,36,5.10,15,93,39,34,31.5,12,100,9.4,1151,52.0,0.0,No Faults Detected
16/08/2025 15:28:15,96.0,-18.9,4.030,4.057,38,36,5.10,15,93,39,34,24.4,25,0,7.3,898,52.0,0.0,No Faults Detected
16/08/2025 15:28:16,96.0,-7.2,4.014,4.057,38,36,5.10,15,93,39,34,28.9,19,100,10.1,1246,52.0,0.0,No Faults Detected
16/08/2025 15:28:17,96.0,-5.8,4.014,4.051,38,36,5.10,15,93,39,34,15.4,23,100,8.7,1073,52.0,0.0,No Faults Detected
16/08/2025 15:28:18,96.0,-21.1,4.050,4.062,38,36,5.10,15,93,39,34,6.3,26,100,6.7,822,52.0,0.0,No Faults Detected
16/08/2025 15:28:19,96.0,-21.1,4.051,4.062,38,36,5.10,15,93,39,34,9.9,25,0,5.4,659,52.0,0.0,No Faults Detected
16/08/2025 15:28:20,96.0,-1.9,4.005,4.049,37,36,5.10,15,93,39,34,20.8,0,0,10.5,1294,52.0,0.0,No Faults Detected
16/08/2025 15:28:21,96.0,-45.9,4.015,4.060,37,36,5.10,15,93,39,35,24.7,0,0,7.7,949,52.0,0.0,No Faults Detected
16/08/2025 15:28:22,96.0,-45.9,4.049,4.060,37,36,5.10,15,93,39,35,11.6,14,0,7.2,879,52.0,0.0,No Faults Detected
16/08/2025 15:28:24,96.0,7.7,4.048,4.055,37,36,5.10,15,93,39,35,10.5,12,0,6.4,787,52.0,0.0,No Faults Detected
16/08/2025 15:28:25,96.0,-3.7,4.045,4.056,37,36,5.10,15,93,39,34,18.3,13,0,7.1,876,52.0,0.0,No Faults Detected
16/08/2025 15:28:26,96.0,-3.7,4.045,4.056,37,36,5.10,15,93,39,35,6.6,13,0,6.8,836,52.0,0.0,No Faults Detected
16/08/2025 15:28:26,96.0,-5.0,4.050,4.058,37,36,5.10,15,93,39,34,11.8,13,0,6.7,818,52.0,0.0,No Faults Detected
16/08/2025 15:28:27,96.0,-4.7,4.050,4.057,37,36,5.10,15,93,39,34,39.7,14,0,6.7,821,52.0,0.0,No Faults Detected
16/08/2025 15:28:28,96.0,-4.1,4.046,4.055,37,36,5.10,15,93,39,34,16.5,14,0,7,855,52.0,0.0,No Faults Detected
16/08/2025 15:28:29,96.0,-1.8,4.048,4.055,37,36,5.10,15,93,39,34,18.7,14,0,7,856,52.0,0.0,No Faults Detected
16/08/2025 15:28:31,96.0,-6.2,4.049,4.056,37,36,5.10,15,93,39,35,16.5,14,0,7,864,52.0,0.0,No Faults Detected
16/08/2025 15:28:31,96.0,-6.4,4.048,4.056,37,36,5.10,15,93,39,35,16.9,14,0,7,864,52.0,0.0,No Faults Detected
16/08/2025 15:28:33,96.0,-6.4,4.049,4.056,37,36,5.10,15,93,39,35,18.7,14,0,7,859,52.0,0.0,No Faults Detected
16/08/2025 15:28:34,96.0,-6.0,4.048,4.056,37,36,5.10,15,93,39,35,16.8,14,0,7,859,52.0,0.0,No Faults Detected
16/08/2025 15:28:35,96.0,-6.8,4.047,4.056,37,36,5.10,15,93,39,35,22.5,14,0,7,863,52.0,0.0,No Faults Detected
16/08/2025 15:28:35,96.0,-6.4,4.047,4.055,37,36,5.10,15,93,39,35,20.6,14,0,7.1,871,52.0,0.0,No Faults Detected
16/08/2025 15:28:36,96.0,-6.0,4.047,4.055,37,36,5.10,15,93,39,34,14.4,14,0,7,861,52.0,0.0,No Faults Detected
16/08/2025 15:28:38,96.0,-7.0,4.049,4.057,37,36,5.10,15,93,39,35,14.0,14,0,7.2,884,52.0,0.0,No Faults Detected
16/08/2025 15:28:39,96.0,-7.0,4.049,4.057,37,36,5.10,15,93,39,35,13.7,14,0,7.2,881,52.0,0.0,No Faults Detected
16/08/2025 15:28:40,96.0,-6.1,4.049,4.056,37,36,5.10,15,93,39,35,17.5,14,0,7.1,878,52.0,0.0,No Faults Detected
16/08/2025 15:28:41,96.0,-5.9,4.048,4.057,37,36,5.10,15,93,39,35,15.3,14,0,7.2,887,52.0,0.0,No Faults Detected
16/08/2025 15:28:42,96.0,-6.2,4.049,4.057,37,36,5.10,15,93,39,35,16.1,14,0,7.1,872,52.0,0.0,No Faults Detected
16/08/2025 15:28:43,96.0,-5.7,4.049,4.057,37,36,5.10,15,93,39,35,13.6,14,0,7.2,887,52.0,0.0,No Faults Detected
16/08/2025 15:28:44,96.0,-5.5,4.048,4.056,37,36,5.10,15,93,39,35,19.4,14,0,7.1,876,52.0,0.0,No Faults Detected
16/08/2025 15:28:45,96.0,-5.9,4.048,4.056,37,36,5.10,15,93,39,35,15.7,14,0,7.1,878,52.0,0.0,No Faults Detected
16/08/2025 15:28:46,96.0,-6.6,4.049,4.056,37,36,5.10,15,93,39,35,17.2,14,0,7.1,878,52.0,0.0,No Faults Detected
16/08/2025 15:28:47,96.0,-5.7,4.048,4.058,37,36,5.10,15,93,39,35,17.5,14,0,7.2,888,52.0,0.0,No Faults Detected
16/08/2025 15:28:48,96.0,-5.7,4.048,4.058,37,36,5.10,15,93,39,35,15.9,14,0,7.2,884,52.0,0.0,No Faults Detected
16/08/2025 15:28:49,96.0,-6.6,4.049,4.057,37,36,5.10,15,93,39,35,17.9,14,0,7.3,896,52.0,0.0,No Faults Detected
16/08/2025 15:28:50,96.0,-6.6,4.049,4.057,37,36,5.10,15,93,39,35,19.2,14,0,7.3,895,52.0,0.0,No Faults Detected
16/08/2025 15:28:51,96.0,-5.6,4.049,4.056,37,36,5.10,15,93,39,35,18.1,14,0,7.2,885,52.0,0.0,No Faults Detected
16/08/2025 15:28:52,96.0,-6.5,4.049,4.057,37,36,5.10,15,93,39,35,21.1,14,0,7.3,894,52.0,0.0,No Faults Detected
16/08/2025 15:28:53,96.0,-7.5,4.047,4.057,37,36,5.10,15,93,39,35,15.3,14,0,7.3,895,52.0,0.0,No Faults Detected
16/08/2025 15:28:54,96.0,-7.8,4.049,4.057,37,36,5.10,15,93,39,35,21.6,14,0,7.2,885,52.0,0.0,No Faults Detected
16/08/2025 15:28:55,96.0,-6.5,4.048,4.055,37,36,5.10,15,93,39,35,18.9,14,0,7.3,902,52.0,0.0,No Faults Detected
16/08/2025 15:28:57,96.0,-7.4,4.049,4.056,37,36,5.10,15,93,39,35,10.7,15,0,7.2,889,52.0,0.0,No Faults Detected
16/08/2025 15:28:57,96.0,-7.4,4.049,4.056,37,36,5.10,15,93,39,35,10.7,15,0,7.2,889,52.0,0.0,No Faults Detected
16/08/2025 15:28:58,96.0,-4.4,4.050,4.058,37,36,5.10,15,93,39,35,20.5,15,0,7.4,903,52.0,0.0,No Faults Detected
16/08/2025 15:28:59,96.0,-4.7,4.048,4.058,37,36,5.10,15,93,39,35,18.3,15,0,7.6,937,52.0,0.0,No Faults Detected
16/08/2025 15:29:00,96.0,-4.7,4.048,4.058,37,36,5.10,15,93,39,35,18.3,15,0,7.6,937,52.0,0.0,No Faults Detected
16/08/2025 15:29:01,96.0,-7.5,4.048,4.057,37,36,5.10,15,93,39,35,18.1,15,0,7.9,967,52.0,0.0,No Faults Detected
16/08/2025 15:29:02,96.0,-7.0,4.048,4.055,37,36,5.10,15,93,39,35,7.4,14,0,7.7,950,52.0,0.0,No Faults Detected
16/08/2025 15:29:03,96.0,-7.9,4.050,4.058,37,36,5.10,15,93,39,35,5.5,14,0,7.3,900,52.0,0.0,No Faults Detected
16/08/2025 15:29:04,96.0,-4.2,4.051,4.058,37,36,5.10,15,93,39,35,15.7,10,0,6.9,847,52.0,0.0,No Faults Detected
16/08/2025 15:29:05,96.0,-3.6,4.050,4.057,37,36,5.10,15,93,39,35,8.4,11,0,5.1,621,52.0,0.0,No Faults Detected
16/08/2025 15:29:06,96.0,-4.0,4.051,4.061,37,36,5.10,15,93,39,34,57.8,15,0,5.3,654,52.0,0.0,No Faults Detected
16/08/2025 15:29:07,96.0,-0.9,4.038,4.061,37,36,5.10,15,93,39,35,29.5,12,0,7.6,937,52.0,0.0,No Faults Detected
16/08/2025 15:29:08,96.0,-6.1,4.031,4.051,37,36,5.10,15,93,39,35,11.2,14,0,6.6,816,52.0,0.0,No Faults Detected
16/08/2025 15:29:09,96.0,-1.7,4.047,4.055,37,36,5.10,15,93,39,35,5.3,13,0,6.8,835,52.0,0.0,No Faults Detected
16/08/2025 15:29:10,96.0,-1.7,4.047,4.055,37,36,5.10,15,93,39,35,5.6,15,0,7.2,880,52.0,0.0,No Faults Detected
16/08/2025 15:29:11,96.0,-3.6,4.046,4.055,37,36,5.10,15,93,39,34,11.7,15,0,7.9,969,52.0,0.0,No Faults Detected
16/08/2025 15:29:12,96.0,-3.6,4.046,4.055,37,36,5.10,15,93,39,35,11.6,15,0,7.7,944,52.0,0.0,No Faults Detected
16/08/2025 15:29:13,96.0,-6.6,4.049,4.055,37,36,5.10,15,93,39,34,20.0,15,0,7.6,937,52.0,0.0,No Faults Detected
16/08/2025 15:29:14,96.0,-6.6,4.047,4.055,37,36,5.10,15,93,39,35,19.6,16,0,7.7,943,52.0,0.0,No Faults Detected
16/08/2025 15:29:15,96.0,-5.9,4.040,4.055,37,36,5.10,15,93,39,34,19.3,16,0,9.1,1114,52.0,0.0,No Faults Detected
16/08/2025 15:29:16,96.0,-12.6,4.049,4.055,37,36,5.10,15,93,39,35,9.1,18,0,8.5,1049,52.0,0.0,No Faults Detected
16/08/2025 15:29:17,96.0,-18.1,4.050,4.058,37,36,5.10,15,93,39,35,40.1,18,0,8.7,1071,52.0,0.0,No Faults Detected
16/08/2025 15:29:19,96.0,-9.2,4.044,4.057,37,36,5.10,15,93,39,35,7.8,16,0,8,988,52.0,0.0,No Faults Detected
16/08/2025 15:29:19,96.0,-10.5,4.048,4.060,37,36,5.10,15,93,39,35,16.8,11,0,7.8,963,52.0,0.0,No Faults Detected
16/08/2025 15:29:21,96.0,-0.3,4.047,4.057,37,36,5.10,15,93,39,35,19.6,15,0,7.2,889,52.0,0.0,No Faults Detected
16/08/2025 15:29:21,96.0,-6.1,4.044,4.058,37,36,5.10,15,93,39,35,83.2,18,0,8.2,1012,52.0,0.0,No Faults Detected
16/08/2025 15:29:22,96.0,-5.5,4.044,4.058,37,36,5.10,15,93,39,35,39.6,18,0,9.6,1175,52.0,0.0,No Faults Detected
16/08/2025 15:29:23,96.0,-21.9,4.045,4.051,37,36,5.10,15,93,39,34,23.9,21,0,10.5,1286,52.0,0.0,No Faults Detected
16/08/2025 15:29:24,96.0,-21.9,4.045,4.051,37,36,5.10,15,93,39,34,16.0,21,0,10.5,1290,52.0,0.0,No Faults Detected
16/08/2025 15:29:25,96.0,-12.4,4.048,4.056,37,36,5.10,15,93,39,34,24.8,21,0,10.6,1307,52.0,0.0,No Faults Detected
16/08/2025 15:29:27,96.0,-8.5,4.048,4.058,37,36,5.10,15,93,39,35,23.4,0,0,10,1231,52.0,0.0,No Faults Detected
16/08/2025 15:29:28,96.0,-8.5,4.048,4.058,37,36,5.10,15,93,39,35,41.4,0,0,9.2,1135,52.0,0.0,No Faults Detected
16/08/2025 15:29:29,96.0,7.4,4.052,4.061,37,36,5.10,15,93,39,35,6.0,16,0,6.4,785,52.0,0.0,No Faults Detected
16/08/2025 15:29:30,96.0,7.4,4.052,4.061,37,36,5.10,15,93,39,34,49.8,18,0,6.9,842,52.0,0.0,No Faults Detected
16/08/2025 15:29:31,96.0,3.5,4.047,4.058,37,36,5.10,15,93,39,34,13.9,13,0,9,1109,52.0,0.0,No Faults Detected
16/08/2025 15:29:32,96.0,-11.6,4.050,4.064,37,36,5.10,15,93,39,35,47.0,18,0,7.7,947,52.0,0.0,No Faults Detected
16/08/2025 15:29:33,96.0,-12.7,4.041,4.058,37,36,5.10,15,93,39,35,12.8,16,0,9.2,1125,52.0,0.0,No Faults Detected
16/08/2025 15:29:33,96.0,-11.0,4.041,4.058,37,36,5.10,15,93,39,34,5.9,19,0,8.9,1096,52.0,0.0,No Faults Detected
16/08/2025 15:29:35,96.0,-7.6,4.042,4.054,37,36,5.10,15,93,39,35,7.2,13,0,9.6,1178,52.0,0.0,No Faults Detected
16/08/2025 15:29:36,96.0,-2.9,4.042,4.054,37,36,5.10,15,93,39,34,34.9,15,0,8.8,1085,52.0,0.0,No Faults Detected
16/08/2025 15:29:37,96.0,-6.2,4.051,4.062,37,36,5.10,15,93,39,34,6.4,14,0,7.1,878,52.0,0.0,No Faults Detected
16/08/2025 15:29:38,96.0,1.7,4.049,4.058,37,36,5.10,15,93,39,34,28.3,15,0,7.3,896,52.0,0.0,No Faults Detected
16/08/2025 15:29:39,96.0,2.0,4.048,4.055,37,36,5.10,15,93,39,35,15.5,15,0,7.4,914,52.0,0.0,No Faults Detected
16/08/2025 15:29:40,96.0,-7.1,4.049,4.057,37,36,5.10,15,93,39,35,15.7,15,0,7.3,897,52.0,0.0,No Faults Detected
16/08/2025 15:29:41,96.0,-6.0,4.049,4.057,37,36,5.10,15,93,39,34,13.8,15,0,7.3,900,52.0,0.0,No Faults Detected
16/08/2025 15:29:42,96.0,-5.6,4.049,4.057,37,36,5.10,15,93,39,34,13.5,14,0,7.4,908,52.0,0.0,No Faults Detected
16/08/2025 15:29:43,96.0,-5.9,4.049,4.057,37,36,5.10,15,93,39,34,30.7,15,0,7.4,909,52.0,0.0,No Faults Detected
16/08/2025 15:29:44,96.0,-5.9,4.049,4.057,37,36,5.10,15,93,39,34,30.7,15,0,7.4,909,52.0,0.0,No Faults Detected